Workbook

Sheet BÁO CÁO MỚI
H1: =+H3-G3 -> 1527250000
A2: TỔNG CÁC TRẠI | B2: Tổng số con | C2: Tổng Kg | D2: Trọng Iượng TB | E2: Giá TB công nợ | F2: Giá bán TB | G2: Tổng công nợ cty | H2: Tổng doanh thu bán | I2: Tổng tiền khách đã trả (Bao gồm cả khách bắn về cty) | J2: Tổng tiền Lâm Anh bắn về Cty | K2: Công nợ tháng cũ | L2: Dư nợ mới
B3: =+B6+B9+B12+B15+B18+B21 -> 755 | C3: =+C6+C9+C12+C15+C18+C21 -> 35505 | D3: =IFERROR(C3/B3,"-") -> 47.02649 | E3: =IFERROR(+G3/C3,"-") -> 38698.775 | F3: =IFERROR(+H3/C3,"-") -> 81713.843 | G3: =+G6+G9+G12+G15+G18+G21 -> 1374000000 | H3: =+H6+H9+H12+H15+H18+H21 -> 2901250000 | I3: =+I6+I9+I12+I15+I18+I21 -> 10500000 | J3: =+'MAIL CÔNG NỢ'!C6 -> 0 | K3: =+'MAIL CÔNG NỢ'!D6 -> 0 | L3: =+J3-K3-G3 -> -1374000000
A5: RTD | B5: Tổng số con | C5: Tổng Kg | D5: Trọng Iượng TB | E5: Giá TB công nợ | F5: Giá bán TB | G5: Tổng công nợ cty | H5: Tổng doanh thu bán | I5: Tổng tiền khách đã trả (Bao gồm cả khách bắn về cty) | J5: Tổng tiền Lâm Anh bắn về Cty
B6: =+SUMIFS($D$28:$D$107,$C$28:$C$107,$A5) -> 605 | C6: =+SUMIFS($E$28:$E$107,$C$28:$C$107,$A5) -> 17505 | D6: =IFERROR(C6/B6,"-") -> 28.933884 | E6: - | F6: =IFERROR(+H6/C6,"-") -> 110211.37 | G6: =+SUMIFS($F$28:$F$107,$C$28:$C$107,$A5) -> 1374000000 | H6: =+SUMIFS($G$28:$G$107,$C$28:$C$107,$A5) -> 1929250000 | I6: =+SUMIFS($I$28:$I$107,$C$28:$C$107,$A5)+SUMIFS($J$28:$J$107,$C$28:$C$107,$A5) -> 10500000 | J6: =+SUMIFS('MAIL CÔNG NỢ'!$D:$D,'MAIL CÔNG NỢ'!$F:$F,'BÁO CÁO MỚI'!$A5) -> 0 | K6: =+SUMIFS('MAIL CÔNG NỢ'!$D$8:$D$13,'MAIL CÔNG NỢ'!$B$8:$B$13,'BÁO CÁO MỚI'!A5) -> 0 | L6: =+J6-K6-G6 -> -1374000000
A8: TAM DƯƠNG | B8: Tổng số con | C8: Tổng Kg | D8: Trọng Iượng TB | E8: Giá TB công nợ | F8: Giá bán TB | G8: Tổng công nợ cty | H8: Tổng doanh thu bán | I8: Tổng tiền khách đã trả (Bao gồm cả khách bắn về cty) | J8: Tổng tiền Lâm Anh bắn về Cty
B9: =+SUMIFS($D$28:$D$107,$C$28:$C$107,$A8) -> 0 | C9: =+SUMIFS($E$28:$E$107,$C$28:$C$107,$A8) -> 0 | D9: =IFERROR(C9/B9,"-") -> - | E9: - | F9: =IFERROR(+H9/C9,"-") -> - | G9: =+SUMIFS($F$28:$F$107,$C$28:$C$107,$A8) -> 0 | H9: =+SUMIFS($G$28:$G$107,$C$28:$C$107,$A8) -> 0 | I9: =+SUMIFS($I$28:$I$107,$C$28:$C$107,$A8)+SUMIFS($J$28:$J$107,$C$28:$C$107,$A8) -> 0 | J9: =+SUMIFS('MAIL CÔNG NỢ'!$D:$D,'MAIL CÔNG NỢ'!$F:$F,'BÁO CÁO MỚI'!$A8) -> 0 | K9: =+SUMIFS('MAIL CÔNG NỢ'!$D$8:$D$13,'MAIL CÔNG NỢ'!$B$8:$B$13,'BÁO CÁO MỚI'!A8) -> 0 | L9: =+J9-K9-G9 -> 0
A11: TIGER | B11: Tổng số con | C11: Tổng Kg | D11: Trọng Iượng TB | E11: Giá TB công nợ | F11: Giá bán TB | G11: Tổng công nợ cty | H11: Tổng doanh thu bán | I11: Tổng tiền khách đã trả (Bao gồm cả khách bắn về cty) | J11: Tổng tiền Lâm Anh bắn về Cty
B12: =+SUMIFS($D$28:$D$107,$C$28:$C$107,$A11) -> 150 | C12: =+SUMIFS($E$28:$E$107,$C$28:$C$107,$A11) -> 18000 | D12: =IFERROR(C12/B12,"-") -> 120 | E12: - | F12: =IFERROR(+H12/C12,"-") -> 54000 | G12: =+SUMIFS($F$28:$F$107,$C$28:$C$107,$A11) -> 0 | H12: =+SUMIFS($G$28:$G$107,$C$28:$C$107,$A11) -> 972000000 | I12: =+SUMIFS($I$28:$I$107,$C$28:$C$107,$A11)+SUMIFS($J$28:$J$107,$C$28:$C$107,$A11) -> 0 | J12: =+SUMIFS('MAIL CÔNG NỢ'!$D:$D,'MAIL CÔNG NỢ'!$F:$F,'BÁO CÁO MỚI'!$A11) -> 0 | K12: =+SUMIFS('MAIL CÔNG NỢ'!$D$8:$D$13,'MAIL CÔNG NỢ'!$B$8:$B$13,'BÁO CÁO MỚI'!A11) -> 0 | L12: =+J12-K12-G12 -> 0
A14: THANH HÓA | B14: Tổng số con | C14: Tổng Kg | D14: Trọng Iượng TB | E14: Giá TB công nợ | F14: Giá bán TB | G14: Tổng công nợ cty | H14: Tổng doanh thu bán | I14: Tổng tiền khách đã trả (Bao gồm cả khách bắn về cty) | J14: Tổng tiền Lâm Anh bắn về Cty
B15: =+SUMIFS($D$28:$D$107,$C$28:$C$107,$A14) -> 0 | C15: =+SUMIFS($E$28:$E$107,$C$28:$C$107,$A14) -> 0 | D15: =IFERROR(C15/B15,"-") -> - | E15: - | F15: =IFERROR(+H15/C15,"-") -> - | G15: =+SUMIFS($F$28:$F$107,$C$28:$C$107,$A14) -> 0 | H15: =+SUMIFS($G$28:$G$107,$C$28:$C$107,$A14) -> 0 | I15: =+SUMIFS($I$28:$I$107,$C$28:$C$107,$A14)+SUMIFS($J$28:$J$107,$C$28:$C$107,$A14) -> 0 | J15: =+SUMIFS('MAIL CÔNG NỢ'!$D:$D,'MAIL CÔNG NỢ'!$F:$F,'BÁO CÁO MỚI'!$A14) -> 0 | K15: =+SUMIFS('MAIL CÔNG NỢ'!$D$8:$D$13,'MAIL CÔNG NỢ'!$B$8:$B$13,'BÁO CÁO MỚI'!A14) -> 0 | L15: =+J15-K15-G15 -> 0
A17: APPE | B17: Tổng số con | C17: Tổng Kg | D17: Trọng Iượng TB | E17: Giá TB công nợ | F17: Giá bán TB | G17: Tổng công nợ cty | H17: Tổng doanh thu bán | I17: Tổng tiền khách đã trả (Bao gồm cả khách bắn về cty) | J17: Tổng tiền Lâm Anh bắn về Cty
B18: =+SUMIFS($D$28:$D$107,$C$28:$C$107,$A17) -> 0 | C18: =+SUMIFS($E$28:$E$107,$C$28:$C$107,$A17) -> 0 | D18: =IFERROR(C18/B18,"-") -> - | E18: - | F18: =IFERROR(+H18/C18,"-") -> - | G18: =+SUMIFS($F$28:$F$107,$C$28:$C$107,$A17) -> 0 | H18: =+SUMIFS($G$28:$G$107,$C$28:$C$107,$A17) -> 0 | I18: =+SUMIFS($I$28:$I$107,$C$28:$C$107,$A17)+SUMIFS($J$28:$J$107,$C$28:$C$107,$A17) -> 0 | J18: =+SUMIFS('MAIL CÔNG NỢ'!$D:$D,'MAIL CÔNG NỢ'!$F:$F,'BÁO CÁO MỚI'!$A17) -> 0 | K18: =+SUMIFS('MAIL CÔNG NỢ'!$D$8:$D$13,'MAIL CÔNG NỢ'!$B$8:$B$13,'BÁO CÁO MỚI'!A17) -> 0 | L18: =+J18-K18-G18 -> 0
A20: AVAC | B20: Tổng số con | C20: Tổng Kg | D20: Trọng Iượng TB | E20: Giá TB công nợ | F20: Giá bán TB | G20: Tổng công nợ cty | H20: Tổng doanh thu bán | I20: Tổng tiền khách đã trả (Bao gồm cả khách bắn về cty) | J20: Tổng tiền Lâm Anh bắn về Cty
B21: =+SUMIFS($D$28:$D$107,$C$28:$C$107,$A20) -> 0 | C21: =+SUMIFS($E$28:$E$107,$C$28:$C$107,$A20) -> 0 | D21: =IFERROR(C21/B21,"-") -> - | E21: - | F21: =IFERROR(+H21/C21,"-") -> - | G21: =+SUMIFS($F$28:$F$107,$C$28:$C$107,$A20) -> 0 | H21: =+SUMIFS($G$28:$G$107,$C$28:$C$107,$A20) -> 0 | I21: =+SUMIFS($I$28:$I$107,$C$28:$C$107,$A20)+SUMIFS($J$28:$J$107,$C$28:$C$107,$A20) -> 0 | J21: =+SUMIFS('MAIL CÔNG NỢ'!$D:$D,'MAIL CÔNG NỢ'!$F:$F,'BÁO CÁO MỚI'!$A20) -> 0 | K21: =+SUMIFS('MAIL CÔNG NỢ'!$D$8:$D$13,'MAIL CÔNG NỢ'!$B$8:$B$13,'BÁO CÁO MỚI'!A20) -> 0 | L21: =+J21-K21-G21 -> 0
B27: Trại | C27: Nhóm trại | D27: Tổng số con | E27: Tổng Kg | F27: Tổng công nợ cty | G27: Tổng doanh thu bán | H27: Trọng Iượng TB | I27: Khách chuyển về công ty | J27: Thu tiền từ khách
B28: Vĩnh Phúc Thịt | C28: =+VLOOKUP(B28,Data!F:G,2,0) -> RTD | D28: =+SUMIFS('Heo thịt_Nhập dữ liệu hàng ngày'!$P:$P,'Heo thịt_Nhập dữ liệu hàng ngày'!$L:$L,$B28)+SUMIFS('Heo con_Nhập dữ liệu'!$G:$G,'Heo con_Nhập dữ liệu'!$D:$D,'BÁO CÁO MỚI'!$B28) -> 0 | E28: =+SUMIFS('Heo thịt_Nhập dữ liệu hàng ngày'!$Q:$Q,'Heo thịt_Nhập dữ liệu hàng ngày'!$L:$L,$B28)+SUMIFS('Heo con_Nhập dữ liệu'!$H:$H,'Heo con_Nhập dữ liệu'!$D:$D,'BÁO CÁO MỚI'!$B28) -> 0 | F28: =+SUMIFS('Heo thịt_Nhập dữ liệu hàng ngày'!$X:$X,'Heo thịt_Nhập dữ liệu hàng ngày'!$L:$L,$B28)+SUMIFS('Heo con_Nhập dữ liệu'!$O:$O,'Heo con_Nhập dữ liệu'!$D:$D,'BÁO CÁO MỚI'!$B28) -> 0 | G28: =+SUMIFS('Heo thịt_Nhập dữ liệu hàng ngày'!$U:$U,'Heo thịt_Nhập dữ liệu hàng ngày'!$L:$L,$B28)+SUMIFS('Heo con_Nhập dữ liệu'!$O:$O,'Heo con_Nhập dữ liệu'!$D:$D,'BÁO CÁO MỚI'!$B28) -> 0 | H28: =IFERROR(E28/D28,"-") -> - | I28: =+SUMIFS('Heo thịt_Nhập dữ liệu hàng ngày'!$AA:$AA,'Heo thịt_Nhập dữ liệu hàng ngày'!$L:$L,$B28)+SUMIFS('Heo con_Nhập dữ liệu'!$R:$R,'Heo con_Nhập dữ liệu'!$D:$D,'BÁO CÁO MỚI'!$B28) -> 0 | J28: =+SUMIFS('Heo thịt_Nhập dữ liệu hàng ngày'!$Y:$Y,'Heo thịt_Nhập dữ liệu hàng ngày'!$L:$L,$B28)+SUMIFS('Heo thịt_Nhập dữ liệu hàng ngày'!$Z:$Z,'Heo thịt_Nhập dữ liệu hàng ngày'!$L:$L,$B28)+SUMIFS('Heo con_Nhập dữ liệu'!$P:$P,'Heo con_Nhập dữ liệu'!$D:$D,'BÁO CÁO MỚI'!$B28)+SUMIFS('Heo con_Nhập dữ liệu'!$Q:$Q,'Heo con_Nhập dữ liệu'!$D:$D,'BÁO CÁO MỚI'!$B28) -> 0
B29: Vĩnh Phúc Nái | C29: =+VLOOKUP(B29,Data!F:G,2,0) -> RTD | D29: =+SUMIFS('Heo thịt_Nhập dữ liệu hàng ngày'!$P:$P,'Heo thịt_Nhập dữ liệu hàng ngày'!$L:$L,$B29)+SUMIFS('Heo con_Nhập dữ liệu'!$G:$G,'Heo con_Nhập dữ liệu'!$D:$D,'BÁO CÁO MỚI'!$B29) -> 0 | E29: =+SUMIFS('Heo thịt_Nhập dữ liệu hàng ngày'!$Q:$Q,'Heo thịt_Nhập dữ liệu hàng ngày'!$L:$L,$B29)+SUMIFS('Heo con_Nhập dữ liệu'!$H:$H,'Heo con_Nhập dữ liệu'!$D:$D,'BÁO CÁO MỚI'!$B29) -> 0 | F29: =+SUMIFS('Heo thịt_Nhập dữ liệu hàng ngày'!$X:$X,'Heo thịt_Nhập dữ liệu hàng ngày'!$L:$L,$B29)+SUMIFS('Heo con_Nhập dữ liệu'!$O:$O,'Heo con_Nhập dữ liệu'!$D:$D,'BÁO CÁO MỚI'!$B29) -> 0 | G29: =+SUMIFS('Heo thịt_Nhập dữ liệu hàng ngày'!$U:$U,'Heo thịt_Nhập dữ liệu hàng ngày'!$L:$L,$B29)+SUMIFS('Heo con_Nhập dữ liệu'!$O:$O,'Heo con_Nhập dữ liệu'!$D:$D,'BÁO CÁO MỚI'!$B29) -> 0 | H29: =IFERROR(E29/D29,"-") -> - | I29: =+SUMIFS('Heo thịt_Nhập dữ liệu hàng ngày'!$AA:$AA,'Heo thịt_Nhập dữ liệu hàng ngày'!$L:$L,$B29)+SUMIFS('Heo con_Nhập dữ liệu'!$R:$R,'Heo con_Nhập dữ liệu'!$D:$D,'BÁO CÁO MỚI'!$B29) -> 0 | J29: =+SUMIFS('Heo thịt_Nhập dữ liệu hàng ngày'!$Y:$Y,'Heo thịt_Nhập dữ liệu hàng ngày'!$L:$L,$B29)+SUMIFS('Heo thịt_Nhập dữ liệu hàng ngày'!$Z:$Z,'Heo thịt_Nhập dữ liệu hàng ngày'!$L:$L,$B29)+SUMIFS('Heo con_Nhập dữ liệu'!$P:$P,'Heo con_Nhập dữ liệu'!$D:$D,'BÁO CÁO MỚI'!$B29)+SUMIFS('Heo con_Nhập dữ liệu'!$Q:$Q,'Heo con_Nhập dữ liệu'!$D:$D,'BÁO CÁO MỚI'!$B29) -> 0
B30: Phú Xuyên | C30: =+VLOOKUP(B30,Data!F:G,2,0) -> RTD | D30: =+SUMIFS('Heo thịt_Nhập dữ liệu hàng ngày'!$P:$P,'Heo thịt_Nhập dữ liệu hàng ngày'!$L:$L,$B30)+SUMIFS('Heo con_Nhập dữ liệu'!$G:$G,'Heo con_Nhập dữ liệu'!$D:$D,'BÁO CÁO MỚI'!$B30) -> 0 | E30: =+SUMIFS('Heo thịt_Nhập dữ liệu hàng ngày'!$Q:$Q,'Heo thịt_Nhập dữ liệu hàng ngày'!$L:$L,$B30)+SUMIFS('Heo con_Nhập dữ liệu'!$H:$H,'Heo con_Nhập dữ liệu'!$D:$D,'BÁO CÁO MỚI'!$B30) -> 0 | F30: =+SUMIFS('Heo thịt_Nhập dữ liệu hàng ngày'!$X:$X,'Heo thịt_Nhập dữ liệu hàng ngày'!$L:$L,$B30)+SUMIFS('Heo con_Nhập dữ liệu'!$O:$O,'Heo con_Nhập dữ liệu'!$D:$D,'BÁO CÁO MỚI'!$B30) -> 0 | G30: =+SUMIFS('Heo thịt_Nhập dữ liệu hàng ngày'!$U:$U,'Heo thịt_Nhập dữ liệu hàng ngày'!$L:$L,$B30)+SUMIFS('Heo con_Nhập dữ liệu'!$O:$O,'Heo con_Nhập dữ liệu'!$D:$D,'BÁO CÁO MỚI'!$B30) -> 0 | H30: =IFERROR(E30/D30,"-") -> - | I30: =+SUMIFS('Heo thịt_Nhập dữ liệu hàng ngày'!$AA:$AA,'Heo thịt_Nhập dữ liệu hàng ngày'!$L:$L,$B30)+SUMIFS('Heo con_Nhập dữ liệu'!$R:$R,'Heo con_Nhập dữ liệu'!$D:$D,'BÁO CÁO MỚI'!$B30) -> 0 | J30: =+SUMIFS('Heo thịt_Nhập dữ liệu hàng ngày'!$Y:$Y,'Heo thịt_Nhập dữ liệu hàng ngày'!$L:$L,$B30)+SUMIFS('Heo thịt_Nhập dữ liệu hàng ngày'!$Z:$Z,'Heo thịt_Nhập dữ liệu hàng ngày'!$L:$L,$B30)+SUMIFS('Heo con_Nhập dữ liệu'!$P:$P,'Heo con_Nhập dữ liệu'!$D:$D,'BÁO CÁO MỚI'!$B30)+SUMIFS('Heo con_Nhập dữ liệu'!$Q:$Q,'Heo con_Nhập dữ liệu'!$D:$D,'BÁO CÁO MỚI'!$B30) -> 0
B31: Bắc Giang Thịt | C31: =+VLOOKUP(B31,Data!F:G,2,0) -> RTD | D31: =+SUMIFS('Heo thịt_Nhập dữ liệu hàng ngày'!$P:$P,'Heo thịt_Nhập dữ liệu hàng ngày'!$L:$L,$B31)+SUMIFS('Heo con_Nhập dữ liệu'!$G:$G,'Heo con_Nhập dữ liệu'!$D:$D,'BÁO CÁO MỚI'!$B31) -> 105 | E31: =+SUMIFS('Heo thịt_Nhập dữ liệu hàng ngày'!$Q:$Q,'Heo thịt_Nhập dữ liệu hàng ngày'!$L:$L,$B31)+SUMIFS('Heo con_Nhập dữ liệu'!$H:$H,'Heo con_Nhập dữ liệu'!$D:$D,'BÁO CÁO MỚI'!$B31) -> 10505 | F31: =+SUMIFS('Heo thịt_Nhập dữ liệu hàng ngày'!$X:$X,'Heo thịt_Nhập dữ liệu hàng ngày'!$L:$L,$B31)+SUMIFS('Heo con_Nhập dữ liệu'!$O:$O,'Heo con_Nhập dữ liệu'!$D:$D,'BÁO CÁO MỚI'!$B31) -> 0 | G31: =+SUMIFS('Heo thịt_Nhập dữ liệu hàng ngày'!$U:$U,'Heo thịt_Nhập dữ liệu hàng ngày'!$L:$L,$B31)+SUMIFS('Heo con_Nhập dữ liệu'!$O:$O,'Heo con_Nhập dữ liệu'!$D:$D,'BÁO CÁO MỚI'!$B31) -> 555250000 | H31: =IFERROR(E31/D31,"-") -> 100.04762 | I31: =+SUMIFS('Heo thịt_Nhập dữ liệu hàng ngày'!$AA:$AA,'Heo thịt_Nhập dữ liệu hàng ngày'!$L:$L,$B31)+SUMIFS('Heo con_Nhập dữ liệu'!$R:$R,'Heo con_Nhập dữ liệu'!$D:$D,'BÁO CÁO MỚI'!$B31) -> 0 | J31: =+SUMIFS('Heo thịt_Nhập dữ liệu hàng ngày'!$Y:$Y,'Heo thịt_Nhập dữ liệu hàng ngày'!$L:$L,$B31)+SUMIFS('Heo thịt_Nhập dữ liệu hàng ngày'!$Z:$Z,'Heo thịt_Nhập dữ liệu hàng ngày'!$L:$L,$B31)+SUMIFS('Heo con_Nhập dữ liệu'!$P:$P,'Heo con_Nhập dữ liệu'!$D:$D,'BÁO CÁO MỚI'!$B31)+SUMIFS('Heo con_Nhập dữ liệu'!$Q:$Q,'Heo con_Nhập dữ liệu'!$D:$D,'BÁO CÁO MỚI'!$B31) -> 10000000
B32: Bắc Giang Nái | C32: =+VLOOKUP(B32,Data!F:G,2,0) -> RTD | D32: =+SUMIFS('Heo thịt_Nhập dữ liệu hàng ngày'!$P:$P,'Heo thịt_Nhập dữ liệu hàng ngày'!$L:$L,$B32)+SUMIFS('Heo con_Nhập dữ liệu'!$G:$G,'Heo con_Nhập dữ liệu'!$D:$D,'BÁO CÁO MỚI'!$B32) -> 500 | E32: =+SUMIFS('Heo thịt_Nhập dữ liệu hàng ngày'!$Q:$Q,'Heo thịt_Nhập dữ liệu hàng ngày'!$L:$L,$B32)+SUMIFS('Heo con_Nhập dữ liệu'!$H:$H,'Heo con_Nhập dữ liệu'!$D:$D,'BÁO CÁO MỚI'!$B32) -> 7000 | F32: =+SUMIFS('Heo thịt_Nhập dữ liệu hàng ngày'!$X:$X,'Heo thịt_Nhập dữ liệu hàng ngày'!$L:$L,$B32)+SUMIFS('Heo con_Nhập dữ liệu'!$O:$O,'Heo con_Nhập dữ liệu'!$D:$D,'BÁO CÁO MỚI'!$B32) -> 1374000000 | G32: =+SUMIFS('Heo thịt_Nhập dữ liệu hàng ngày'!$U:$U,'Heo thịt_Nhập dữ liệu hàng ngày'!$L:$L,$B32)+SUMIFS('Heo con_Nhập dữ liệu'!$O:$O,'Heo con_Nhập dữ liệu'!$D:$D,'BÁO CÁO MỚI'!$B32) -> 1374000000 | H32: =IFERROR(E32/D32,"-") -> 14 | I32: =+SUMIFS('Heo thịt_Nhập dữ liệu hàng ngày'!$AA:$AA,'Heo thịt_Nhập dữ liệu hàng ngày'!$L:$L,$B32)+SUMIFS('Heo con_Nhập dữ liệu'!$R:$R,'Heo con_Nhập dữ liệu'!$D:$D,'BÁO CÁO MỚI'!$B32) -> 0 | J32: =+SUMIFS('Heo thịt_Nhập dữ liệu hàng ngày'!$Y:$Y,'Heo thịt_Nhập dữ liệu hàng ngày'!$L:$L,$B32)+SUMIFS('Heo thịt_Nhập dữ liệu hàng ngày'!$Z:$Z,'Heo thịt_Nhập dữ liệu hàng ngày'!$L:$L,$B32)+SUMIFS('Heo con_Nhập dữ liệu'!$P:$P,'Heo con_Nhập dữ liệu'!$D:$D,'BÁO CÁO MỚI'!$B32)+SUMIFS('Heo con_Nhập dữ liệu'!$Q:$Q,'Heo con_Nhập dữ liệu'!$D:$D,'BÁO CÁO MỚI'!$B32) -> 500000
B33: Phú Thọ | C33: =+VLOOKUP(B33,Data!F:G,2,0) -> Tiger | D33: =+SUMIFS('Heo thịt_Nhập dữ liệu hàng ngày'!$P:$P,'Heo thịt_Nhập dữ liệu hàng ngày'!$L:$L,$B33)+SUMIFS('Heo con_Nhập dữ liệu'!$G:$G,'Heo con_Nhập dữ liệu'!$D:$D,'BÁO CÁO MỚI'!$B33) -> 0 | E33: =+SUMIFS('Heo thịt_Nhập dữ liệu hàng ngày'!$Q:$Q,'Heo thịt_Nhập dữ liệu hàng ngày'!$L:$L,$B33)+SUMIFS('Heo con_Nhập dữ liệu'!$H:$H,'Heo con_Nhập dữ liệu'!$D:$D,'BÁO CÁO MỚI'!$B33) -> 0 | F33: =+SUMIFS('Heo thịt_Nhập dữ liệu hàng ngày'!$X:$X,'Heo thịt_Nhập dữ liệu hàng ngày'!$L:$L,$B33)+SUMIFS('Heo con_Nhập dữ liệu'!$O:$O,'Heo con_Nhập dữ liệu'!$D:$D,'BÁO CÁO MỚI'!$B33) -> 0 | G33: =+SUMIFS('Heo thịt_Nhập dữ liệu hàng ngày'!$U:$U,'Heo thịt_Nhập dữ liệu hàng ngày'!$L:$L,$B33)+SUMIFS('Heo con_Nhập dữ liệu'!$O:$O,'Heo con_Nhập dữ liệu'!$D:$D,'BÁO CÁO MỚI'!$B33) -> 0 | H33: =IFERROR(E33/D33,"-") -> - | I33: =+SUMIFS('Heo thịt_Nhập dữ liệu hàng ngày'!$AA:$AA,'Heo thịt_Nhập dữ liệu hàng ngày'!$L:$L,$B33)+SUMIFS('Heo con_Nhập dữ liệu'!$R:$R,'Heo con_Nhập dữ liệu'!$D:$D,'BÁO CÁO MỚI'!$B33) -> 0 | J33: =+SUMIFS('Heo thịt_Nhập dữ liệu hàng ngày'!$Y:$Y,'Heo thịt_Nhập dữ liệu hàng ngày'!$L:$L,$B33)+SUMIFS('Heo thịt_Nhập dữ liệu hàng ngày'!$Z:$Z,'Heo thịt_Nhập dữ liệu hàng ngày'!$L:$L,$B33)+SUMIFS('Heo con_Nhập dữ liệu'!$P:$P,'Heo con_Nhập dữ liệu'!$D:$D,'BÁO CÁO MỚI'!$B33)+SUMIFS('Heo con_Nhập dữ liệu'!$Q:$Q,'Heo con_Nhập dữ liệu'!$D:$D,'BÁO CÁO MỚI'!$B33) -> 0
B34: Phú Thọ 2 | C34: =+VLOOKUP(B34,Data!F:G,2,0) -> RTD | D34: =+SUMIFS('Heo thịt_Nhập dữ liệu hàng ngày'!$P:$P,'Heo thịt_Nhập dữ liệu hàng ngày'!$L:$L,$B34)+SUMIFS('Heo con_Nhập dữ liệu'!$G:$G,'Heo con_Nhập dữ liệu'!$D:$D,'BÁO CÁO MỚI'!$B34) -> 0 | E34: =+SUMIFS('Heo thịt_Nhập dữ liệu hàng ngày'!$Q:$Q,'Heo thịt_Nhập dữ liệu hàng ngày'!$L:$L,$B34)+SUMIFS('Heo con_Nhập dữ liệu'!$H:$H,'Heo con_Nhập dữ liệu'!$D:$D,'BÁO CÁO MỚI'!$B34) -> 0 | F34: =+SUMIFS('Heo thịt_Nhập dữ liệu hàng ngày'!$X:$X,'Heo thịt_Nhập dữ liệu hàng ngày'!$L:$L,$B34)+SUMIFS('Heo con_Nhập dữ liệu'!$O:$O,'Heo con_Nhập dữ liệu'!$D:$D,'BÁO CÁO MỚI'!$B34) -> 0 | G34: =+SUMIFS('Heo thịt_Nhập dữ liệu hàng ngày'!$U:$U,'Heo thịt_Nhập dữ liệu hàng ngày'!$L:$L,$B34)+SUMIFS('Heo con_Nhập dữ liệu'!$O:$O,'Heo con_Nhập dữ liệu'!$D:$D,'BÁO CÁO MỚI'!$B34) -> 0 | H34: =IFERROR(E34/D34,"-") -> - | I34: =+SUMIFS('Heo thịt_Nhập dữ liệu hàng ngày'!$AA:$AA,'Heo thịt_Nhập dữ liệu hàng ngày'!$L:$L,$B34)+SUMIFS('Heo con_Nhập dữ liệu'!$R:$R,'Heo con_Nhập dữ liệu'!$D:$D,'BÁO CÁO MỚI'!$B34) -> 0 | J34: =+SUMIFS('Heo thịt_Nhập dữ liệu hàng ngày'!$Y:$Y,'Heo thịt_Nhập dữ liệu hàng ngày'!$L:$L,$B34)+SUMIFS('Heo thịt_Nhập dữ liệu hàng ngày'!$Z:$Z,'Heo thịt_Nhập dữ liệu hàng ngày'!$L:$L,$B34)+SUMIFS('Heo con_Nhập dữ liệu'!$P:$P,'Heo con_Nhập dữ liệu'!$D:$D,'BÁO CÁO MỚI'!$B34)+SUMIFS('Heo con_Nhập dữ liệu'!$Q:$Q,'Heo con_Nhập dữ liệu'!$D:$D,'BÁO CÁO MỚI'!$B34) -> 0
B35: Yên Bái | C35: =+VLOOKUP(B35,Data!F:G,2,0) -> Tiger | D35: =+SUMIFS('Heo thịt_Nhập dữ liệu hàng ngày'!$P:$P,'Heo thịt_Nhập dữ liệu hàng ngày'!$L:$L,$B35)+SUMIFS('Heo con_Nhập dữ liệu'!$G:$G,'Heo con_Nhập dữ liệu'!$D:$D,'BÁO CÁO MỚI'!$B35) -> 150 | E35: =+SUMIFS('Heo thịt_Nhập dữ liệu hàng ngày'!$Q:$Q,'Heo thịt_Nhập dữ liệu hàng ngày'!$L:$L,$B35)+SUMIFS('Heo con_Nhập dữ liệu'!$H:$H,'Heo con_Nhập dữ liệu'!$D:$D,'BÁO CÁO MỚI'!$B35) -> 18000 | F35: =+SUMIFS('Heo thịt_Nhập dữ liệu hàng ngày'!$X:$X,'Heo thịt_Nhập dữ liệu hàng ngày'!$L:$L,$B35)+SUMIFS('Heo con_Nhập dữ liệu'!$O:$O,'Heo con_Nhập dữ liệu'!$D:$D,'BÁO CÁO MỚI'!$B35) -> 0 | G35: =+SUMIFS('Heo thịt_Nhập dữ liệu hàng ngày'!$U:$U,'Heo thịt_Nhập dữ liệu hàng ngày'!$L:$L,$B35)+SUMIFS('Heo con_Nhập dữ liệu'!$O:$O,'Heo con_Nhập dữ liệu'!$D:$D,'BÁO CÁO MỚI'!$B35) -> 972000000 | H35: =IFERROR(E35/D35,"-") -> 120 | I35: =+SUMIFS('Heo thịt_Nhập dữ liệu hàng ngày'!$AA:$AA,'Heo thịt_Nhập dữ liệu hàng ngày'!$L:$L,$B35)+SUMIFS('Heo con_Nhập dữ liệu'!$R:$R,'Heo con_Nhập dữ liệu'!$D:$D,'BÁO CÁO MỚI'!$B35) -> 0 | J35: =+SUMIFS('Heo thịt_Nhập dữ liệu hàng ngày'!$Y:$Y,'Heo thịt_Nhập dữ liệu hàng ngày'!$L:$L,$B35)+SUMIFS('Heo thịt_Nhập dữ liệu hàng ngày'!$Z:$Z,'Heo thịt_Nhập dữ liệu hàng ngày'!$L:$L,$B35)+SUMIFS('Heo con_Nhập dữ liệu'!$P:$P,'Heo con_Nhập dữ liệu'!$D:$D,'BÁO CÁO MỚI'!$B35)+SUMIFS('Heo con_Nhập dữ liệu'!$Q:$Q,'Heo con_Nhập dữ liệu'!$D:$D,'BÁO CÁO MỚI'!$B35) -> 0
B36: Lục Nam | C36: =+VLOOKUP(B36,Data!F:G,2,0) -> Tiger | D36: =+SUMIFS('Heo thịt_Nhập dữ liệu hàng ngày'!$P:$P,'Heo thịt_Nhập dữ liệu hàng ngày'!$L:$L,$B36)+SUMIFS('Heo con_Nhập dữ liệu'!$G:$G,'Heo con_Nhập dữ liệu'!$D:$D,'BÁO CÁO MỚI'!$B36) -> 0 | E36: =+SUMIFS('Heo thịt_Nhập dữ liệu hàng ngày'!$Q:$Q,'Heo thịt_Nhập dữ liệu hàng ngày'!$L:$L,$B36)+SUMIFS('Heo con_Nhập dữ liệu'!$H:$H,'Heo con_Nhập dữ liệu'!$D:$D,'BÁO CÁO MỚI'!$B36) -> 0 | F36: =+SUMIFS('Heo thịt_Nhập dữ liệu hàng ngày'!$X:$X,'Heo thịt_Nhập dữ liệu hàng ngày'!$L:$L,$B36)+SUMIFS('Heo con_Nhập dữ liệu'!$O:$O,'Heo con_Nhập dữ liệu'!$D:$D,'BÁO CÁO MỚI'!$B36) -> 0 | G36: =+SUMIFS('Heo thịt_Nhập dữ liệu hàng ngày'!$U:$U,'Heo thịt_Nhập dữ liệu hàng ngày'!$L:$L,$B36)+SUMIFS('Heo con_Nhập dữ liệu'!$O:$O,'Heo con_Nhập dữ liệu'!$D:$D,'BÁO CÁO MỚI'!$B36) -> 0 | H36: =IFERROR(E36/D36,"-") -> - | I36: =+SUMIFS('Heo thịt_Nhập dữ liệu hàng ngày'!$AA:$AA,'Heo thịt_Nhập dữ liệu hàng ngày'!$L:$L,$B36)+SUMIFS('Heo con_Nhập dữ liệu'!$R:$R,'Heo con_Nhập dữ liệu'!$D:$D,'BÁO CÁO MỚI'!$B36) -> 0 | J36: =+SUMIFS('Heo thịt_Nhập dữ liệu hàng ngày'!$Y:$Y,'Heo thịt_Nhập dữ liệu hàng ngày'!$L:$L,$B36)+SUMIFS('Heo thịt_Nhập dữ liệu hàng ngày'!$Z:$Z,'Heo thịt_Nhập dữ liệu hàng ngày'!$L:$L,$B36)+SUMIFS('Heo con_Nhập dữ liệu'!$P:$P,'Heo con_Nhập dữ liệu'!$D:$D,'BÁO CÁO MỚI'!$B36)+SUMIFS('Heo con_Nhập dữ liệu'!$Q:$Q,'Heo con_Nhập dữ liệu'!$D:$D,'BÁO CÁO MỚI'!$B36) -> 0
B37: Lục Ngạn | C37: =+VLOOKUP(B37,Data!F:G,2,0) -> RTD | D37: =+SUMIFS('Heo thịt_Nhập dữ liệu hàng ngày'!$P:$P,'Heo thịt_Nhập dữ liệu hàng ngày'!$L:$L,$B37)+SUMIFS('Heo con_Nhập dữ liệu'!$G:$G,'Heo con_Nhập dữ liệu'!$D:$D,'BÁO CÁO MỚI'!$B37) -> 0 | E37: =+SUMIFS('Heo thịt_Nhập dữ liệu hàng ngày'!$Q:$Q,'Heo thịt_Nhập dữ liệu hàng ngày'!$L:$L,$B37)+SUMIFS('Heo con_Nhập dữ liệu'!$H:$H,'Heo con_Nhập dữ liệu'!$D:$D,'BÁO CÁO MỚI'!$B37) -> 0 | F37: =+SUMIFS('Heo thịt_Nhập dữ liệu hàng ngày'!$X:$X,'Heo thịt_Nhập dữ liệu hàng ngày'!$L:$L,$B37)+SUMIFS('Heo con_Nhập dữ liệu'!$O:$O,'Heo con_Nhập dữ liệu'!$D:$D,'BÁO CÁO MỚI'!$B37) -> 0 | G37: =+SUMIFS('Heo thịt_Nhập dữ liệu hàng ngày'!$U:$U,'Heo thịt_Nhập dữ liệu hàng ngày'!$L:$L,$B37)+SUMIFS('Heo con_Nhập dữ liệu'!$O:$O,'Heo con_Nhập dữ liệu'!$D:$D,'BÁO CÁO MỚI'!$B37) -> 0 | H37: =IFERROR(E37/D37,"-") -> - | I37: =+SUMIFS('Heo thịt_Nhập dữ liệu hàng ngày'!$AA:$AA,'Heo thịt_Nhập dữ liệu hàng ngày'!$L:$L,$B37)+SUMIFS('Heo con_Nhập dữ liệu'!$R:$R,'Heo con_Nhập dữ liệu'!$D:$D,'BÁO CÁO MỚI'!$B37) -> 0 | J37: =+SUMIFS('Heo thịt_Nhập dữ liệu hàng ngày'!$Y:$Y,'Heo thịt_Nhập dữ liệu hàng ngày'!$L:$L,$B37)+SUMIFS('Heo thịt_Nhập dữ liệu hàng ngày'!$Z:$Z,'Heo thịt_Nhập dữ liệu hàng ngày'!$L:$L,$B37)+SUMIFS('Heo con_Nhập dữ liệu'!$P:$P,'Heo con_Nhập dữ liệu'!$D:$D,'BÁO CÁO MỚI'!$B37)+SUMIFS('Heo con_Nhập dữ liệu'!$Q:$Q,'Heo con_Nhập dữ liệu'!$D:$D,'BÁO CÁO MỚI'!$B37) -> 0
B38: Tiger Thái Nguyên | C38: =+VLOOKUP(B38,Data!F:G,2,0) -> Tiger | D38: =+SUMIFS('Heo thịt_Nhập dữ liệu hàng ngày'!$P:$P,'Heo thịt_Nhập dữ liệu hàng ngày'!$L:$L,$B38)+SUMIFS('Heo con_Nhập dữ liệu'!$G:$G,'Heo con_Nhập dữ liệu'!$D:$D,'BÁO CÁO MỚI'!$B38) -> 0 | E38: =+SUMIFS('Heo thịt_Nhập dữ liệu hàng ngày'!$Q:$Q,'Heo thịt_Nhập dữ liệu hàng ngày'!$L:$L,$B38)+SUMIFS('Heo con_Nhập dữ liệu'!$H:$H,'Heo con_Nhập dữ liệu'!$D:$D,'BÁO CÁO MỚI'!$B38) -> 0 | F38: =+SUMIFS('Heo thịt_Nhập dữ liệu hàng ngày'!$X:$X,'Heo thịt_Nhập dữ liệu hàng ngày'!$L:$L,$B38)+SUMIFS('Heo con_Nhập dữ liệu'!$O:$O,'Heo con_Nhập dữ liệu'!$D:$D,'BÁO CÁO MỚI'!$B38) -> 0 | G38: =+SUMIFS('Heo thịt_Nhập dữ liệu hàng ngày'!$U:$U,'Heo thịt_Nhập dữ liệu hàng ngày'!$L:$L,$B38)+SUMIFS('Heo con_Nhập dữ liệu'!$O:$O,'Heo con_Nhập dữ liệu'!$D:$D,'BÁO CÁO MỚI'!$B38) -> 0 | H38: =IFERROR(E38/D38,"-") -> - | I38: =+SUMIFS('Heo thịt_Nhập dữ liệu hàng ngày'!$AA:$AA,'Heo thịt_Nhập dữ liệu hàng ngày'!$L:$L,$B38)+SUMIFS('Heo con_Nhập dữ liệu'!$R:$R,'Heo con_Nhập dữ liệu'!$D:$D,'BÁO CÁO MỚI'!$B38) -> 0 | J38: =+SUMIFS('Heo thịt_Nhập dữ liệu hàng ngày'!$Y:$Y,'Heo thịt_Nhập dữ liệu hàng ngày'!$L:$L,$B38)+SUMIFS('Heo thịt_Nhập dữ liệu hàng ngày'!$Z:$Z,'Heo thịt_Nhập dữ liệu hàng ngày'!$L:$L,$B38)+SUMIFS('Heo con_Nhập dữ liệu'!$P:$P,'Heo con_Nhập dữ liệu'!$D:$D,'BÁO CÁO MỚI'!$B38)+SUMIFS('Heo con_Nhập dữ liệu'!$Q:$Q,'Heo con_Nhập dữ liệu'!$D:$D,'BÁO CÁO MỚI'!$B38) -> 0
B39: Tiger Phú Thọ 3 (Thanh Sơn) | C39: =+VLOOKUP(B39,Data!F:G,2,0) -> Tiger | D39: =+SUMIFS('Heo thịt_Nhập dữ liệu hàng ngày'!$P:$P,'Heo thịt_Nhập dữ liệu hàng ngày'!$L:$L,$B39)+SUMIFS('Heo con_Nhập dữ liệu'!$G:$G,'Heo con_Nhập dữ liệu'!$D:$D,'BÁO CÁO MỚI'!$B39) -> 0 | E39: =+SUMIFS('Heo thịt_Nhập dữ liệu hàng ngày'!$Q:$Q,'Heo thịt_Nhập dữ liệu hàng ngày'!$L:$L,$B39)+SUMIFS('Heo con_Nhập dữ liệu'!$H:$H,'Heo con_Nhập dữ liệu'!$D:$D,'BÁO CÁO MỚI'!$B39) -> 0 | F39: =+SUMIFS('Heo thịt_Nhập dữ liệu hàng ngày'!$X:$X,'Heo thịt_Nhập dữ liệu hàng ngày'!$L:$L,$B39)+SUMIFS('Heo con_Nhập dữ liệu'!$O:$O,'Heo con_Nhập dữ liệu'!$D:$D,'BÁO CÁO MỚI'!$B39) -> 0 | G39: =+SUMIFS('Heo thịt_Nhập dữ liệu hàng ngày'!$U:$U,'Heo thịt_Nhập dữ liệu hàng ngày'!$L:$L,$B39)+SUMIFS('Heo con_Nhập dữ liệu'!$O:$O,'Heo con_Nhập dữ liệu'!$D:$D,'BÁO CÁO MỚI'!$B39) -> 0 | H39: =IFERROR(E39/D39,"-") -> - | I39: =+SUMIFS('Heo thịt_Nhập dữ liệu hàng ngày'!$AA:$AA,'Heo thịt_Nhập dữ liệu hàng ngày'!$L:$L,$B39)+SUMIFS('Heo con_Nhập dữ liệu'!$R:$R,'Heo con_Nhập dữ liệu'!$D:$D,'BÁO CÁO MỚI'!$B39) -> 0 | J39: =+SUMIFS('Heo thịt_Nhập dữ liệu hàng ngày'!$Y:$Y,'Heo thịt_Nhập dữ liệu hàng ngày'!$L:$L,$B39)+SUMIFS('Heo thịt_Nhập dữ liệu hàng ngày'!$Z:$Z,'Heo thịt_Nhập dữ liệu hàng ngày'!$L:$L,$B39)+SUMIFS('Heo con_Nhập dữ liệu'!$P:$P,'Heo con_Nhập dữ liệu'!$D:$D,'BÁO CÁO MỚI'!$B39)+SUMIFS('Heo con_Nhập dữ liệu'!$Q:$Q,'Heo con_Nhập dữ liệu'!$D:$D,'BÁO CÁO MỚI'!$B39) -> 0
... B47: Thái Bình | C47: =+VLOOKUP(B47,Data!F:G,2,0) -> Tam Dương | D47: =+SUMIFS('Heo thịt_Nhập dữ liệu hàng ngày'!$P:$P,'Heo thịt_Nhập dữ liệu hàng ngày'!$L:$L,$B47)+SUMIFS('Heo con_Nhập dữ liệu'!$G:$G,'Heo con_Nhập dữ liệu'!$D:$D,'BÁO CÁO MỚI'!$B47) -> 0 | E47: =+SUMIFS('Heo thịt_Nhập dữ liệu hàng ngày'!$Q:$Q,'Heo thịt_Nhập dữ liệu hàng ngày'!$L:$L,$B47)+SUMIFS('Heo con_Nhập dữ liệu'!$H:$H,'Heo con_Nhập dữ liệu'!$D:$D,'BÁO CÁO MỚI'!$B47) -> 0 | F47: =+SUMIFS('Heo thịt_Nhập dữ liệu hàng ngày'!$X:$X,'Heo thịt_Nhập dữ liệu hàng ngày'!$L:$L,$B47)+SUMIFS('Heo con_Nhập dữ liệu'!$O:$O,'Heo con_Nhập dữ liệu'!$D:$D,'BÁO CÁO MỚI'!$B47) -> 0 | G47: =+SUMIFS('Heo thịt_Nhập dữ liệu hàng ngày'!$U:$U,'Heo thịt_Nhập dữ liệu hàng ngày'!$L:$L,$B47)+SUMIFS('Heo con_Nhập dữ liệu'!$O:$O,'Heo con_Nhập dữ liệu'!$D:$D,'BÁO CÁO MỚI'!$B47) -> 0 | H47: =IFERROR(E47/D47,"-") -> - | I47: =+SUMIFS('Heo thịt_Nhập dữ liệu hàng ngày'!$AA:$AA,'Heo thịt_Nhập dữ liệu hàng ngày'!$L:$L,$B47)+SUMIFS('Heo con_Nhập dữ liệu'!$R:$R,'Heo con_Nhập dữ liệu'!$D:$D,'BÁO CÁO MỚI'!$B47) -> 0 | J47: =+SUMIFS('Heo thịt_Nhập dữ liệu hàng ngày'!$Y:$Y,'Heo thịt_Nhập dữ liệu hàng ngày'!$L:$L,$B47)+SUMIFS('Heo thịt_Nhập dữ liệu hàng ngày'!$Z:$Z,'Heo thịt_Nhập dữ liệu hàng ngày'!$L:$L,$B47)+SUMIFS('Heo con_Nhập dữ liệu'!$P:$P,'Heo con_Nhập dữ liệu'!$D:$D,'BÁO CÁO MỚI'!$B47)+SUMIFS('Heo con_Nhập dữ liệu'!$Q:$Q,'Heo con_Nhập dữ liệu'!$D:$D,'BÁO CÁO MỚI'!$B47) -> 0

Sheet Theo dõi khách hàng heo thịt
Q1: =+Q8-R8 -> 0
M2: TỔNG | Q2: =SUM(Q5:Q29) -> 0 | R2: =SUM(R5:R29) -> 0 | S2: =SUM(S5:S29) -> 0 | T2: =SUM(T5:T29) -> 0 | U2: =+T2-S2 -> 0
B3: TỔNG | D3: =SUM(D5:D600) -> 1527250000 | E3: =SUM(E5:E600) -> 10000000 | F3: =SUM(F5:F64) -> 1517250000 | G3: =SUM(G5:G64) -> 0 | H3: =SUBTOTAL(9,H5:H600) -> -972000000 | M3: STT | N3: Khách hàng (Nhập cột này) | O3: Địa chỉ | P3: Tên trại | Q3: Tiền hàng | R3: Đã thu | S3: Còn nợ | T3: Còn dư | U3: Thực tế
B4: STT | C4: Khách hàng | D4: Tiền hàng | E4: Đã thu | F4: Còn nợ | G4: Còn dư | H4: Thực tế | N4: Check theo thời gian | P4: 44774 | Q4: 44804
B5: 1 | C5: =IFERROR(Data!C4,"") -> 0 | D5: =SUMIFS('Heo thịt_Nhập dữ liệu hàng ngày'!$U:$U,'Heo thịt_Nhập dữ liệu hàng ngày'!$M:$M,'Theo dõi khách hàng heo thịt'!C5) -> 0 | E5: =SUMIFS('Heo thịt_Nhập dữ liệu hàng ngày'!$AB:$AB,'Heo thịt_Nhập dữ liệu hàng ngày'!$M:$M,'Theo dõi khách hàng heo thịt'!C5) -> 0 | F5: =SUMIFS('Heo thịt_Nhập dữ liệu hàng ngày'!$AC:$AC,'Heo thịt_Nhập dữ liệu hàng ngày'!$M:$M,'Theo dõi khách hàng heo thịt'!C5) -> 0 | G5: =SUMIFS('Heo thịt_Nhập dữ liệu hàng ngày'!$AD:$AD,'Heo thịt_Nhập dữ liệu hàng ngày'!$M:$M,'Theo dõi khách hàng heo thịt'!C5) -> 0 | H5: =+G5-F5 -> 0 | I5: =+ABS(H5) -> 0 | J5: =+IF(I5>500000,"check","-") -> - | K5: 20/9 | L5: =+H5*(-1) -> 0 | M5: 1 | N5: Khổng Văn Sơn | O5: =IFERROR(+VLOOKUP(N5,Data!C:D,2,0),"-") -> - | P5: Vĩnh Phúc Thịt | Q5: =IFERROR(SUMIFS('Heo thịt_Nhập dữ liệu hàng ngày'!$U:$U,'Heo thịt_Nhập dữ liệu hàng ngày'!$K:$K,">="&$P$4,'Heo thịt_Nhập dữ liệu hàng ngày'!$K:$K,"<="&'Theo dõi khách hàng heo thịt'!$Q$4,'Heo thịt_Nhập dữ liệu hàng ngày'!$L:$L,'Theo dõi khách hàng heo thịt'!P5,'Heo thịt_Nhập dữ liệu hàng ngày'!$M:$M,'Theo dõi khách hàng heo thịt'!$N$5),"-") -> 0 | R5: =IFERROR(SUMIFS('Heo thịt_Nhập dữ liệu hàng ngày'!$AB:$AB,'Heo thịt_Nhập dữ liệu hàng ngày'!$K:$K,">="&$P$4,'Heo thịt_Nhập dữ liệu hàng ngày'!$K:$K,"<="&'Theo dõi khách hàng heo thịt'!$Q$4,'Heo thịt_Nhập dữ liệu hàng ngày'!$L:$L,'Theo dõi khách hàng heo thịt'!P5,'Heo thịt_Nhập dữ liệu hàng ngày'!$M:$M,'Theo dõi khách hàng heo thịt'!$N$5),"-") -> 0 | S5: =IFERROR(SUMIFS('Heo thịt_Nhập dữ liệu hàng ngày'!$AC:$AC,'Heo thịt_Nhập dữ liệu hàng ngày'!$K:$K,">="&$P$4,'Heo thịt_Nhập dữ liệu hàng ngày'!$K:$K,"<="&'Theo dõi khách hàng heo thịt'!$Q$4,'Heo thịt_Nhập dữ liệu hàng ngày'!$L:$L,'Theo dõi khách hàng heo thịt'!P5,'Heo thịt_Nhập dữ liệu hàng ngày'!$M:$M,'Theo dõi khách hàng heo thịt'!$N$5),"-") -> 0 | T5: =IFERROR(SUMIFS('Heo thịt_Nhập dữ liệu hàng ngày'!$AD:$AD,'Heo thịt_Nhập dữ liệu hàng ngày'!$K:$K,">="&$P$4,'Heo thịt_Nhập dữ liệu hàng ngày'!$K:$K,"<="&'Theo dõi khách hàng heo thịt'!$Q$4,'Heo thịt_Nhập dữ liệu hàng ngày'!$L:$L,'Theo dõi khách hàng heo thịt'!P5,'Heo thịt_Nhập dữ liệu hàng ngày'!$M:$M,'Theo dõi khách hàng heo thịt'!$N$5),"-") -> 0 | U5: =IFERROR(+T5-S5,"-") -> 0
B6: 2 | C6: =IFERROR(Data!C5,"") -> nguyễn hữu viết | D6: =SUMIFS('Heo thịt_Nhập dữ liệu hàng ngày'!$U:$U,'Heo thịt_Nhập dữ liệu hàng ngày'!$M:$M,'Theo dõi khách hàng heo thịt'!C6) -> 555250000 | E6: =SUMIFS('Heo thịt_Nhập dữ liệu hàng ngày'!$AB:$AB,'Heo thịt_Nhập dữ liệu hàng ngày'!$M:$M,'Theo dõi khách hàng heo thịt'!C6) -> 10000000 | F6: =SUMIFS('Heo thịt_Nhập dữ liệu hàng ngày'!$AC:$AC,'Heo thịt_Nhập dữ liệu hàng ngày'!$M:$M,'Theo dõi khách hàng heo thịt'!C6) -> 545250000 | G6: =SUMIFS('Heo thịt_Nhập dữ liệu hàng ngày'!$AD:$AD,'Heo thịt_Nhập dữ liệu hàng ngày'!$M:$M,'Theo dõi khách hàng heo thịt'!C6) -> 0 | H6: =+G6-F6 -> -545250000 | I6: =+ABS(H6) -> 545250000 | J6: =+IF(I6>500000,"check","-") -> check | K6: 0 | L6: =+H6*(-1) -> 545250000 | P6: Vĩnh Phúc Nái | Q6: =IFERROR(SUMIFS('Heo thịt_Nhập dữ liệu hàng ngày'!$U:$U,'Heo thịt_Nhập dữ liệu hàng ngày'!$K:$K,">="&$P$4,'Heo thịt_Nhập dữ liệu hàng ngày'!$K:$K,"<="&'Theo dõi khách hàng heo thịt'!$Q$4,'Heo thịt_Nhập dữ liệu hàng ngày'!$L:$L,'Theo dõi khách hàng heo thịt'!P6,'Heo thịt_Nhập dữ liệu hàng ngày'!$M:$M,'Theo dõi khách hàng heo thịt'!$N$5),"-") -> 0 | R6: =IFERROR(SUMIFS('Heo thịt_Nhập dữ liệu hàng ngày'!$AB:$AB,'Heo thịt_Nhập dữ liệu hàng ngày'!$K:$K,">="&$P$4,'Heo thịt_Nhập dữ liệu hàng ngày'!$K:$K,"<="&'Theo dõi khách hàng heo thịt'!$Q$4,'Heo thịt_Nhập dữ liệu hàng ngày'!$L:$L,'Theo dõi khách hàng heo thịt'!P6,'Heo thịt_Nhập dữ liệu hàng ngày'!$M:$M,'Theo dõi khách hàng heo thịt'!$N$5),"-") -> 0 | S6: =IFERROR(SUMIFS('Heo thịt_Nhập dữ liệu hàng ngày'!$AC:$AC,'Heo thịt_Nhập dữ liệu hàng ngày'!$K:$K,">="&$P$4,'Heo thịt_Nhập dữ liệu hàng ngày'!$K:$K,"<="&'Theo dõi khách hàng heo thịt'!$Q$4,'Heo thịt_Nhập dữ liệu hàng ngày'!$L:$L,'Theo dõi khách hàng heo thịt'!P6,'Heo thịt_Nhập dữ liệu hàng ngày'!$M:$M,'Theo dõi khách hàng heo thịt'!$N$5),"-") -> 0 | T6: =IFERROR(SUMIFS('Heo thịt_Nhập dữ liệu hàng ngày'!$AD:$AD,'Heo thịt_Nhập dữ liệu hàng ngày'!$K:$K,">="&$P$4,'Heo thịt_Nhập dữ liệu hàng ngày'!$K:$K,"<="&'Theo dõi khách hàng heo thịt'!$Q$4,'Heo thịt_Nhập dữ liệu hàng ngày'!$L:$L,'Theo dõi khách hàng heo thịt'!P6,'Heo thịt_Nhập dữ liệu hàng ngày'!$M:$M,'Theo dõi khách hàng heo thịt'!$N$5),"-") -> 0 | U6: =IFERROR(+T6-S6,"-") -> 0
B7: 3 | C7: =IFERROR(Data!C6,"") -> 0 | D7: =SUMIFS('Heo thịt_Nhập dữ liệu hàng ngày'!$U:$U,'Heo thịt_Nhập dữ liệu hàng ngày'!$M:$M,'Theo dõi khách hàng heo thịt'!C7) -> 0 | E7: =SUMIFS('Heo thịt_Nhập dữ liệu hàng ngày'!$AB:$AB,'Heo thịt_Nhập dữ liệu hàng ngày'!$M:$M,'Theo dõi khách hàng heo thịt'!C7) -> 0 | F7: =SUMIFS('Heo thịt_Nhập dữ liệu hàng ngày'!$AC:$AC,'Heo thịt_Nhập dữ liệu hàng ngày'!$M:$M,'Theo dõi khách hàng heo thịt'!C7) -> 0 | G7: =SUMIFS('Heo thịt_Nhập dữ liệu hàng ngày'!$AD:$AD,'Heo thịt_Nhập dữ liệu hàng ngày'!$M:$M,'Theo dõi khách hàng heo thịt'!C7) -> 0 | H7: =+G7-F7 -> 0 | I7: =+ABS(H7) -> 0 | J7: =+IF(I7>500000,"check","-") -> - | K7: x | L7: =+H7*(-1) -> 0 | P7: Phú Xuyên | Q7: =IFERROR(SUMIFS('Heo thịt_Nhập dữ liệu hàng ngày'!$U:$U,'Heo thịt_Nhập dữ liệu hàng ngày'!$K:$K,">="&$P$4,'Heo thịt_Nhập dữ liệu hàng ngày'!$K:$K,"<="&'Theo dõi khách hàng heo thịt'!$Q$4,'Heo thịt_Nhập dữ liệu hàng ngày'!$L:$L,'Theo dõi khách hàng heo thịt'!P7,'Heo thịt_Nhập dữ liệu hàng ngày'!$M:$M,'Theo dõi khách hàng heo thịt'!$N$5),"-") -> 0 | R7: =IFERROR(SUMIFS('Heo thịt_Nhập dữ liệu hàng ngày'!$AB:$AB,'Heo thịt_Nhập dữ liệu hàng ngày'!$K:$K,">="&$P$4,'Heo thịt_Nhập dữ liệu hàng ngày'!$K:$K,"<="&'Theo dõi khách hàng heo thịt'!$Q$4,'Heo thịt_Nhập dữ liệu hàng ngày'!$L:$L,'Theo dõi khách hàng heo thịt'!P7,'Heo thịt_Nhập dữ liệu hàng ngày'!$M:$M,'Theo dõi khách hàng heo thịt'!$N$5),"-") -> 0 | S7: =IFERROR(SUMIFS('Heo thịt_Nhập dữ liệu hàng ngày'!$AC:$AC,'Heo thịt_Nhập dữ liệu hàng ngày'!$K:$K,">="&$P$4,'Heo thịt_Nhập dữ liệu hàng ngày'!$K:$K,"<="&'Theo dõi khách hàng heo thịt'!$Q$4,'Heo thịt_Nhập dữ liệu hàng ngày'!$L:$L,'Theo dõi khách hàng heo thịt'!P7,'Heo thịt_Nhập dữ liệu hàng ngày'!$M:$M,'Theo dõi khách hàng heo thịt'!$N$5),"-") -> 0 | T7: =IFERROR(SUMIFS('Heo thịt_Nhập dữ liệu hàng ngày'!$AD:$AD,'Heo thịt_Nhập dữ liệu hàng ngày'!$K:$K,">="&$P$4,'Heo thịt_Nhập dữ liệu hàng ngày'!$K:$K,"<="&'Theo dõi khách hàng heo thịt'!$Q$4,'Heo thịt_Nhập dữ liệu hàng ngày'!$L:$L,'Theo dõi khách hàng heo thịt'!P7,'Heo thịt_Nhập dữ liệu hàng ngày'!$M:$M,'Theo dõi khách hàng heo thịt'!$N$5),"-") -> 0 | U7: =IFERROR(+T7-S7,"-") -> 0
B8: 4 | C8: =IFERROR(Data!C7,"") -> nguyễn văn tân | D8: =SUMIFS('Heo thịt_Nhập dữ liệu hàng ngày'!$U:$U,'Heo thịt_Nhập dữ liệu hàng ngày'!$M:$M,'Theo dõi khách hàng heo thịt'!C8) -> 972000000 | E8: =SUMIFS('Heo thịt_Nhập dữ liệu hàng ngày'!$AB:$AB,'Heo thịt_Nhập dữ liệu hàng ngày'!$M:$M,'Theo dõi khách hàng heo thịt'!C8) -> 0 | F8: =SUMIFS('Heo thịt_Nhập dữ liệu hàng ngày'!$AC:$AC,'Heo thịt_Nhập dữ liệu hàng ngày'!$M:$M,'Theo dõi khách hàng heo thịt'!C8) -> 972000000 | G8: =SUMIFS('Heo thịt_Nhập dữ liệu hàng ngày'!$AD:$AD,'Heo thịt_Nhập dữ liệu hàng ngày'!$M:$M,'Theo dõi khách hàng heo thịt'!C8) -> 0 | H8: =+G8-F8 -> -972000000 | I8: =+ABS(H8) -> 972000000 | J8: =+IF(I8>500000,"check","-") -> check | K8: Thiếu 2/10 | L8: =+H8*(-1) -> 972000000 | P8: Bắc Giang Thịt | Q8: =IFERROR(SUMIFS('Heo thịt_Nhập dữ liệu hàng ngày'!$U:$U,'Heo thịt_Nhập dữ liệu hàng ngày'!$K:$K,">="&$P$4,'Heo thịt_Nhập dữ liệu hàng ngày'!$K:$K,"<="&'Theo dõi khách hàng heo thịt'!$Q$4,'Heo thịt_Nhập dữ liệu hàng ngày'!$L:$L,'Theo dõi khách hàng heo thịt'!P8,'Heo thịt_Nhập dữ liệu hàng ngày'!$M:$M,'Theo dõi khách hàng heo thịt'!$N$5),"-") -> 0 | R8: =IFERROR(SUMIFS('Heo thịt_Nhập dữ liệu hàng ngày'!$AB:$AB,'Heo thịt_Nhập dữ liệu hàng ngày'!$K:$K,">="&$P$4,'Heo thịt_Nhập dữ liệu hàng ngày'!$K:$K,"<="&'Theo dõi khách hàng heo thịt'!$Q$4,'Heo thịt_Nhập dữ liệu hàng ngày'!$L:$L,'Theo dõi khách hàng heo thịt'!P8,'Heo thịt_Nhập dữ liệu hàng ngày'!$M:$M,'Theo dõi khách hàng heo thịt'!$N$5),"-") -> 0 | S8: =IFERROR(SUMIFS('Heo thịt_Nhập dữ liệu hàng ngày'!$AC:$AC,'Heo thịt_Nhập dữ liệu hàng ngày'!$K:$K,">="&$P$4,'Heo thịt_Nhập dữ liệu hàng ngày'!$K:$K,"<="&'Theo dõi khách hàng heo thịt'!$Q$4,'Heo thịt_Nhập dữ liệu hàng ngày'!$L:$L,'Theo dõi khách hàng heo thịt'!P8,'Heo thịt_Nhập dữ liệu hàng ngày'!$M:$M,'Theo dõi khách hàng heo thịt'!$N$5),"-") -> 0 | T8: =IFERROR(SUMIFS('Heo thịt_Nhập dữ liệu hàng ngày'!$AD:$AD,'Heo thịt_Nhập dữ liệu hàng ngày'!$K:$K,">="&$P$4,'Heo thịt_Nhập dữ liệu hàng ngày'!$K:$K,"<="&'Theo dõi khách hàng heo thịt'!$Q$4,'Heo thịt_Nhập dữ liệu hàng ngày'!$L:$L,'Theo dõi khách hàng heo thịt'!P8,'Heo thịt_Nhập dữ liệu hàng ngày'!$M:$M,'Theo dõi khách hàng heo thịt'!$N$5),"-") -> 0 | U8: =IFERROR(+T8-S8,"-") -> 0
B9: 5 | C9: =IFERROR(Data!C8,"") -> 0 | D9: =SUMIFS('Heo thịt_Nhập dữ liệu hàng ngày'!$U:$U,'Heo thịt_Nhập dữ liệu hàng ngày'!$M:$M,'Theo dõi khách hàng heo thịt'!C9) -> 0 | E9: =SUMIFS('Heo thịt_Nhập dữ liệu hàng ngày'!$AB:$AB,'Heo thịt_Nhập dữ liệu hàng ngày'!$M:$M,'Theo dõi khách hàng heo thịt'!C9) -> 0 | F9: =SUMIFS('Heo thịt_Nhập dữ liệu hàng ngày'!$AC:$AC,'Heo thịt_Nhập dữ liệu hàng ngày'!$M:$M,'Theo dõi khách hàng heo thịt'!C9) -> 0 | G9: =SUMIFS('Heo thịt_Nhập dữ liệu hàng ngày'!$AD:$AD,'Heo thịt_Nhập dữ liệu hàng ngày'!$M:$M,'Theo dõi khách hàng heo thịt'!C9) -> 0 | H9: =+G9-F9 -> 0 | I9: =+ABS(H9) -> 0 | J9: =+IF(I9>500000,"check","-") -> - | K9: 1177293000 | L9: =+H9*(-1) -> 0 | P9: Bắc Giang Nái | Q9: =IFERROR(SUMIFS('Heo thịt_Nhập dữ liệu hàng ngày'!$U:$U,'Heo thịt_Nhập dữ liệu hàng ngày'!$K:$K,">="&$P$4,'Heo thịt_Nhập dữ liệu hàng ngày'!$K:$K,"<="&'Theo dõi khách hàng heo thịt'!$Q$4,'Heo thịt_Nhập dữ liệu hàng ngày'!$L:$L,'Theo dõi khách hàng heo thịt'!P9,'Heo thịt_Nhập dữ liệu hàng ngày'!$M:$M,'Theo dõi khách hàng heo thịt'!$N$5),"-") -> 0 | R9: =IFERROR(SUMIFS('Heo thịt_Nhập dữ liệu hàng ngày'!$AB:$AB,'Heo thịt_Nhập dữ liệu hàng ngày'!$K:$K,">="&$P$4,'Heo thịt_Nhập dữ liệu hàng ngày'!$K:$K,"<="&'Theo dõi khách hàng heo thịt'!$Q$4,'Heo thịt_Nhập dữ liệu hàng ngày'!$L:$L,'Theo dõi khách hàng heo thịt'!P9,'Heo thịt_Nhập dữ liệu hàng ngày'!$M:$M,'Theo dõi khách hàng heo thịt'!$N$5),"-") -> 0 | S9: =IFERROR(SUMIFS('Heo thịt_Nhập dữ liệu hàng ngày'!$AC:$AC,'Heo thịt_Nhập dữ liệu hàng ngày'!$K:$K,">="&$P$4,'Heo thịt_Nhập dữ liệu hàng ngày'!$K:$K,"<="&'Theo dõi khách hàng heo thịt'!$Q$4,'Heo thịt_Nhập dữ liệu hàng ngày'!$L:$L,'Theo dõi khách hàng heo thịt'!P9,'Heo thịt_Nhập dữ liệu hàng ngày'!$M:$M,'Theo dõi khách hàng heo thịt'!$N$5),"-") -> 0 | T9: =IFERROR(SUMIFS('Heo thịt_Nhập dữ liệu hàng ngày'!$AD:$AD,'Heo thịt_Nhập dữ liệu hàng ngày'!$K:$K,">="&$P$4,'Heo thịt_Nhập dữ liệu hàng ngày'!$K:$K,"<="&'Theo dõi khách hàng heo thịt'!$Q$4,'Heo thịt_Nhập dữ liệu hàng ngày'!$L:$L,'Theo dõi khách hàng heo thịt'!P9,'Heo thịt_Nhập dữ liệu hàng ngày'!$M:$M,'Theo dõi khách hàng heo thịt'!$N$5),"-") -> 0 | U9: =IFERROR(+T9-S9,"-") -> 0
B10: 6 | C10: =IFERROR(Data!C9,"") -> 0 | D10: =SUMIFS('Heo thịt_Nhập dữ liệu hàng ngày'!$U:$U,'Heo thịt_Nhập dữ liệu hàng ngày'!$M:$M,'Theo dõi khách hàng heo thịt'!C10) -> 0 | E10: =SUMIFS('Heo thịt_Nhập dữ liệu hàng ngày'!$AB:$AB,'Heo thịt_Nhập dữ liệu hàng ngày'!$M:$M,'Theo dõi khách hàng heo thịt'!C10) -> 0 | F10: =SUMIFS('Heo thịt_Nhập dữ liệu hàng ngày'!$AC:$AC,'Heo thịt_Nhập dữ liệu hàng ngày'!$M:$M,'Theo dõi khách hàng heo thịt'!C10) -> 0 | G10: =SUMIFS('Heo thịt_Nhập dữ liệu hàng ngày'!$AD:$AD,'Heo thịt_Nhập dữ liệu hàng ngày'!$M:$M,'Theo dõi khách hàng heo thịt'!C10) -> 0 | H10: =+G10-F10 -> 0 | I10: =+ABS(H10) -> 0 | J10: =+IF(I10>500000,"check","-") -> - | K10: 2253784759 | L10: =+H10*(-1) -> 0 | P10: Phú Thọ | Q10: =IFERROR(SUMIFS('Heo thịt_Nhập dữ liệu hàng ngày'!$U:$U,'Heo thịt_Nhập dữ liệu hàng ngày'!$K:$K,">="&$P$4,'Heo thịt_Nhập dữ liệu hàng ngày'!$K:$K,"<="&'Theo dõi khách hàng heo thịt'!$Q$4,'Heo thịt_Nhập dữ liệu hàng ngày'!$L:$L,'Theo dõi khách hàng heo thịt'!P10,'Heo thịt_Nhập dữ liệu hàng ngày'!$M:$M,'Theo dõi khách hàng heo thịt'!$N$5),"-") -> 0 | R10: =IFERROR(SUMIFS('Heo thịt_Nhập dữ liệu hàng ngày'!$AB:$AB,'Heo thịt_Nhập dữ liệu hàng ngày'!$K:$K,">="&$P$4,'Heo thịt_Nhập dữ liệu hàng ngày'!$K:$K,"<="&'Theo dõi khách hàng heo thịt'!$Q$4,'Heo thịt_Nhập dữ liệu hàng ngày'!$L:$L,'Theo dõi khách hàng heo thịt'!P10,'Heo thịt_Nhập dữ liệu hàng ngày'!$M:$M,'Theo dõi khách hàng heo thịt'!$N$5),"-") -> 0 | S10: =IFERROR(SUMIFS('Heo thịt_Nhập dữ liệu hàng ngày'!$AC:$AC,'Heo thịt_Nhập dữ liệu hàng ngày'!$K:$K,">="&$P$4,'Heo thịt_Nhập dữ liệu hàng ngày'!$K:$K,"<="&'Theo dõi khách hàng heo thịt'!$Q$4,'Heo thịt_Nhập dữ liệu hàng ngày'!$L:$L,'Theo dõi khách hàng heo thịt'!P10,'Heo thịt_Nhập dữ liệu hàng ngày'!$M:$M,'Theo dõi khách hàng heo thịt'!$N$5),"-") -> 0 | T10: =IFERROR(SUMIFS('Heo thịt_Nhập dữ liệu hàng ngày'!$AD:$AD,'Heo thịt_Nhập dữ liệu hàng ngày'!$K:$K,">="&$P$4,'Heo thịt_Nhập dữ liệu hàng ngày'!$K:$K,"<="&'Theo dõi khách hàng heo thịt'!$Q$4,'Heo thịt_Nhập dữ liệu hàng ngày'!$L:$L,'Theo dõi khách hàng heo thịt'!P10,'Heo thịt_Nhập dữ liệu hàng ngày'!$M:$M,'Theo dõi khách hàng heo thịt'!$N$5),"-") -> 0 | U10: =IFERROR(+T10-S10,"-") -> 0
B11: 7 | C11: =IFERROR(Data!C10,"") -> 0 | D11: =SUMIFS('Heo thịt_Nhập dữ liệu hàng ngày'!$U:$U,'Heo thịt_Nhập dữ liệu hàng ngày'!$M:$M,'Theo dõi khách hàng heo thịt'!C11) -> 0 | E11: =SUMIFS('Heo thịt_Nhập dữ liệu hàng ngày'!$AB:$AB,'Heo thịt_Nhập dữ liệu hàng ngày'!$M:$M,'Theo dõi khách hàng heo thịt'!C11) -> 0 | F11: =SUMIFS('Heo thịt_Nhập dữ liệu hàng ngày'!$AC:$AC,'Heo thịt_Nhập dữ liệu hàng ngày'!$M:$M,'Theo dõi khách hàng heo thịt'!C11) -> 0 | G11: =SUMIFS('Heo thịt_Nhập dữ liệu hàng ngày'!$AD:$AD,'Heo thịt_Nhập dữ liệu hàng ngày'!$M:$M,'Theo dõi khách hàng heo thịt'!C11) -> 0 | H11: =+G11-F11 -> 0 | I11: =+ABS(H11) -> 0 | J11: =+IF(I11>500000,"check","-") -> - | K11: Thiếu 18/9/2024 | L11: =+H11*(-1) -> 0 | P11: Phú Thọ 2 | Q11: =IFERROR(SUMIFS('Heo thịt_Nhập dữ liệu hàng ngày'!$U:$U,'Heo thịt_Nhập dữ liệu hàng ngày'!$K:$K,">="&$P$4,'Heo thịt_Nhập dữ liệu hàng ngày'!$K:$K,"<="&'Theo dõi khách hàng heo thịt'!$Q$4,'Heo thịt_Nhập dữ liệu hàng ngày'!$L:$L,'Theo dõi khách hàng heo thịt'!P11,'Heo thịt_Nhập dữ liệu hàng ngày'!$M:$M,'Theo dõi khách hàng heo thịt'!$N$5),"-") -> 0 | R11: =IFERROR(SUMIFS('Heo thịt_Nhập dữ liệu hàng ngày'!$AB:$AB,'Heo thịt_Nhập dữ liệu hàng ngày'!$K:$K,">="&$P$4,'Heo thịt_Nhập dữ liệu hàng ngày'!$K:$K,"<="&'Theo dõi khách hàng heo thịt'!$Q$4,'Heo thịt_Nhập dữ liệu hàng ngày'!$L:$L,'Theo dõi khách hàng heo thịt'!P11,'Heo thịt_Nhập dữ liệu hàng ngày'!$M:$M,'Theo dõi khách hàng heo thịt'!$N$5),"-") -> 0 | S11: =IFERROR(SUMIFS('Heo thịt_Nhập dữ liệu hàng ngày'!$AC:$AC,'Heo thịt_Nhập dữ liệu hàng ngày'!$K:$K,">="&$P$4,'Heo thịt_Nhập dữ liệu hàng ngày'!$K:$K,"<="&'Theo dõi khách hàng heo thịt'!$Q$4,'Heo thịt_Nhập dữ liệu hàng ngày'!$L:$L,'Theo dõi khách hàng heo thịt'!P11,'Heo thịt_Nhập dữ liệu hàng ngày'!$M:$M,'Theo dõi khách hàng heo thịt'!$N$5),"-") -> 0 | T11: =IFERROR(SUMIFS('Heo thịt_Nhập dữ liệu hàng ngày'!$AD:$AD,'Heo thịt_Nhập dữ liệu hàng ngày'!$K:$K,">="&$P$4,'Heo thịt_Nhập dữ liệu hàng ngày'!$K:$K,"<="&'Theo dõi khách hàng heo thịt'!$Q$4,'Heo thịt_Nhập dữ liệu hàng ngày'!$L:$L,'Theo dõi khách hàng heo thịt'!P11,'Heo thịt_Nhập dữ liệu hàng ngày'!$M:$M,'Theo dõi khách hàng heo thịt'!$N$5),"-") -> 0 | U11: =IFERROR(+T11-S11,"-") -> 0
B12: 8 | C12: =IFERROR(Data!C11,"") -> 0 | D12: =SUMIFS('Heo thịt_Nhập dữ liệu hàng ngày'!$U:$U,'Heo thịt_Nhập dữ liệu hàng ngày'!$M:$M,'Theo dõi khách hàng heo thịt'!C12) -> 0 | E12: =SUMIFS('Heo thịt_Nhập dữ liệu hàng ngày'!$AB:$AB,'Heo thịt_Nhập dữ liệu hàng ngày'!$M:$M,'Theo dõi khách hàng heo thịt'!C12) -> 0 | F12: =SUMIFS('Heo thịt_Nhập dữ liệu hàng ngày'!$AC:$AC,'Heo thịt_Nhập dữ liệu hàng ngày'!$M:$M,'Theo dõi khách hàng heo thịt'!C12) -> 0 | G12: =SUMIFS('Heo thịt_Nhập dữ liệu hàng ngày'!$AD:$AD,'Heo thịt_Nhập dữ liệu hàng ngày'!$M:$M,'Theo dõi khách hàng heo thịt'!C12) -> 0 | H12: =+G12-F12 -> 0 | I12: =+ABS(H12) -> 0 | J12: =+IF(I12>500000,"check","-") -> - | K12: 453612000 | L12: =+H12*(-1) -> 0 | P12: Yên Bái | Q12: =IFERROR(SUMIFS('Heo thịt_Nhập dữ liệu hàng ngày'!$U:$U,'Heo thịt_Nhập dữ liệu hàng ngày'!$K:$K,">="&$P$4,'Heo thịt_Nhập dữ liệu hàng ngày'!$K:$K,"<="&'Theo dõi khách hàng heo thịt'!$Q$4,'Heo thịt_Nhập dữ liệu hàng ngày'!$L:$L,'Theo dõi khách hàng heo thịt'!P12,'Heo thịt_Nhập dữ liệu hàng ngày'!$M:$M,'Theo dõi khách hàng heo thịt'!$N$5),"-") -> 0 | R12: =IFERROR(SUMIFS('Heo thịt_Nhập dữ liệu hàng ngày'!$AB:$AB,'Heo thịt_Nhập dữ liệu hàng ngày'!$K:$K,">="&$P$4,'Heo thịt_Nhập dữ liệu hàng ngày'!$K:$K,"<="&'Theo dõi khách hàng heo thịt'!$Q$4,'Heo thịt_Nhập dữ liệu hàng ngày'!$L:$L,'Theo dõi khách hàng heo thịt'!P12,'Heo thịt_Nhập dữ liệu hàng ngày'!$M:$M,'Theo dõi khách hàng heo thịt'!$N$5),"-") -> 0 | S12: =IFERROR(SUMIFS('Heo thịt_Nhập dữ liệu hàng ngày'!$AC:$AC,'Heo thịt_Nhập dữ liệu hàng ngày'!$K:$K,">="&$P$4,'Heo thịt_Nhập dữ liệu hàng ngày'!$K:$K,"<="&'Theo dõi khách hàng heo thịt'!$Q$4,'Heo thịt_Nhập dữ liệu hàng ngày'!$L:$L,'Theo dõi khách hàng heo thịt'!P12,'Heo thịt_Nhập dữ liệu hàng ngày'!$M:$M,'Theo dõi khách hàng heo thịt'!$N$5),"-") -> 0 | T12: =IFERROR(SUMIFS('Heo thịt_Nhập dữ liệu hàng ngày'!$AD:$AD,'Heo thịt_Nhập dữ liệu hàng ngày'!$K:$K,">="&$P$4,'Heo thịt_Nhập dữ liệu hàng ngày'!$K:$K,"<="&'Theo dõi khách hàng heo thịt'!$Q$4,'Heo thịt_Nhập dữ liệu hàng ngày'!$L:$L,'Theo dõi khách hàng heo thịt'!P12,'Heo thịt_Nhập dữ liệu hàng ngày'!$M:$M,'Theo dõi khách hàng heo thịt'!$N$5),"-") -> 0 | U12: =IFERROR(+T12-S12,"-") -> 0
B13: 9 | C13: =IFERROR(Data!C12,"") -> 0 | D13: =SUMIFS('Heo thịt_Nhập dữ liệu hàng ngày'!$U:$U,'Heo thịt_Nhập dữ liệu hàng ngày'!$M:$M,'Theo dõi khách hàng heo thịt'!C13) -> 0 | E13: =SUMIFS('Heo thịt_Nhập dữ liệu hàng ngày'!$AB:$AB,'Heo thịt_Nhập dữ liệu hàng ngày'!$M:$M,'Theo dõi khách hàng heo thịt'!C13) -> 0 | F13: =SUMIFS('Heo thịt_Nhập dữ liệu hàng ngày'!$AC:$AC,'Heo thịt_Nhập dữ liệu hàng ngày'!$M:$M,'Theo dõi khách hàng heo thịt'!C13) -> 0 | G13: =SUMIFS('Heo thịt_Nhập dữ liệu hàng ngày'!$AD:$AD,'Heo thịt_Nhập dữ liệu hàng ngày'!$M:$M,'Theo dõi khách hàng heo thịt'!C13) -> 0 | H13: =+G13-F13 -> 0 | I13: =+ABS(H13) -> 0 | J13: =+IF(I13>500000,"check","-") -> - | K13: x | L13: =+H13*(-1) -> 0 | P13: Lục Nam | Q13: =IFERROR(SUMIFS('Heo thịt_Nhập dữ liệu hàng ngày'!$U:$U,'Heo thịt_Nhập dữ liệu hàng ngày'!$K:$K,">="&$P$4,'Heo thịt_Nhập dữ liệu hàng ngày'!$K:$K,"<="&'Theo dõi khách hàng heo thịt'!$Q$4,'Heo thịt_Nhập dữ liệu hàng ngày'!$L:$L,'Theo dõi khách hàng heo thịt'!P13,'Heo thịt_Nhập dữ liệu hàng ngày'!$M:$M,'Theo dõi khách hàng heo thịt'!$N$5),"-") -> 0 | R13: =IFERROR(SUMIFS('Heo thịt_Nhập dữ liệu hàng ngày'!$AB:$AB,'Heo thịt_Nhập dữ liệu hàng ngày'!$K:$K,">="&$P$4,'Heo thịt_Nhập dữ liệu hàng ngày'!$K:$K,"<="&'Theo dõi khách hàng heo thịt'!$Q$4,'Heo thịt_Nhập dữ liệu hàng ngày'!$L:$L,'Theo dõi khách hàng heo thịt'!P13,'Heo thịt_Nhập dữ liệu hàng ngày'!$M:$M,'Theo dõi khách hàng heo thịt'!$N$5),"-") -> 0 | S13: =IFERROR(SUMIFS('Heo thịt_Nhập dữ liệu hàng ngày'!$AC:$AC,'Heo thịt_Nhập dữ liệu hàng ngày'!$K:$K,">="&$P$4,'Heo thịt_Nhập dữ liệu hàng ngày'!$K:$K,"<="&'Theo dõi khách hàng heo thịt'!$Q$4,'Heo thịt_Nhập dữ liệu hàng ngày'!$L:$L,'Theo dõi khách hàng heo thịt'!P13,'Heo thịt_Nhập dữ liệu hàng ngày'!$M:$M,'Theo dõi khách hàng heo thịt'!$N$5),"-") -> 0 | T13: =IFERROR(SUMIFS('Heo thịt_Nhập dữ liệu hàng ngày'!$AD:$AD,'Heo thịt_Nhập dữ liệu hàng ngày'!$K:$K,">="&$P$4,'Heo thịt_Nhập dữ liệu hàng ngày'!$K:$K,"<="&'Theo dõi khách hàng heo thịt'!$Q$4,'Heo thịt_Nhập dữ liệu hàng ngày'!$L:$L,'Theo dõi khách hàng heo thịt'!P13,'Heo thịt_Nhập dữ liệu hàng ngày'!$M:$M,'Theo dõi khách hàng heo thịt'!$N$5),"-") -> 0 | U13: =IFERROR(+T13-S13,"-") -> 0
B14: 10 | C14: =IFERROR(Data!C13,"") -> 0 | D14: =SUMIFS('Heo thịt_Nhập dữ liệu hàng ngày'!$U:$U,'Heo thịt_Nhập dữ liệu hàng ngày'!$M:$M,'Theo dõi khách hàng heo thịt'!C14) -> 0 | E14: =SUMIFS('Heo thịt_Nhập dữ liệu hàng ngày'!$AB:$AB,'Heo thịt_Nhập dữ liệu hàng ngày'!$M:$M,'Theo dõi khách hàng heo thịt'!C14) -> 0 | F14: =SUMIFS('Heo thịt_Nhập dữ liệu hàng ngày'!$AC:$AC,'Heo thịt_Nhập dữ liệu hàng ngày'!$M:$M,'Theo dõi khách hàng heo thịt'!C14) -> 0 | G14: =SUMIFS('Heo thịt_Nhập dữ liệu hàng ngày'!$AD:$AD,'Heo thịt_Nhập dữ liệu hàng ngày'!$M:$M,'Theo dõi khách hàng heo thịt'!C14) -> 0 | H14: =+G14-F14 -> 0 | I14: =+ABS(H14) -> 0 | J14: =+IF(I14>500000,"check","-") -> - | L14: =+H14*(-1) -> 0 | P14: Lục Ngạn | Q14: =IFERROR(SUMIFS('Heo thịt_Nhập dữ liệu hàng ngày'!$U:$U,'Heo thịt_Nhập dữ liệu hàng ngày'!$K:$K,">="&$P$4,'Heo thịt_Nhập dữ liệu hàng ngày'!$K:$K,"<="&'Theo dõi khách hàng heo thịt'!$Q$4,'Heo thịt_Nhập dữ liệu hàng ngày'!$L:$L,'Theo dõi khách hàng heo thịt'!P14,'Heo thịt_Nhập dữ liệu hàng ngày'!$M:$M,'Theo dõi khách hàng heo thịt'!$N$5),"-") -> 0 | R14: =IFERROR(SUMIFS('Heo thịt_Nhập dữ liệu hàng ngày'!$AB:$AB,'Heo thịt_Nhập dữ liệu hàng ngày'!$K:$K,">="&$P$4,'Heo thịt_Nhập dữ liệu hàng ngày'!$K:$K,"<="&'Theo dõi khách hàng heo thịt'!$Q$4,'Heo thịt_Nhập dữ liệu hàng ngày'!$L:$L,'Theo dõi khách hàng heo thịt'!P14,'Heo thịt_Nhập dữ liệu hàng ngày'!$M:$M,'Theo dõi khách hàng heo thịt'!$N$5),"-") -> 0 | S14: =IFERROR(SUMIFS('Heo thịt_Nhập dữ liệu hàng ngày'!$AC:$AC,'Heo thịt_Nhập dữ liệu hàng ngày'!$K:$K,">="&$P$4,'Heo thịt_Nhập dữ liệu hàng ngày'!$K:$K,"<="&'Theo dõi khách hàng heo thịt'!$Q$4,'Heo thịt_Nhập dữ liệu hàng ngày'!$L:$L,'Theo dõi khách hàng heo thịt'!P14,'Heo thịt_Nhập dữ liệu hàng ngày'!$M:$M,'Theo dõi khách hàng heo thịt'!$N$5),"-") -> 0 | T14: =IFERROR(SUMIFS('Heo thịt_Nhập dữ liệu hàng ngày'!$AD:$AD,'Heo thịt_Nhập dữ liệu hàng ngày'!$K:$K,">="&$P$4,'Heo thịt_Nhập dữ liệu hàng ngày'!$K:$K,"<="&'Theo dõi khách hàng heo thịt'!$Q$4,'Heo thịt_Nhập dữ liệu hàng ngày'!$L:$L,'Theo dõi khách hàng heo thịt'!P14,'Heo thịt_Nhập dữ liệu hàng ngày'!$M:$M,'Theo dõi khách hàng heo thịt'!$N$5),"-") -> 0 | U14: =IFERROR(+T14-S14,"-") -> 0
B15: 11 | C15: =IFERROR(Data!C14,"") -> 0 | D15: =SUMIFS('Heo thịt_Nhập dữ liệu hàng ngày'!$U:$U,'Heo thịt_Nhập dữ liệu hàng ngày'!$M:$M,'Theo dõi khách hàng heo thịt'!C15) -> 0 | E15: =SUMIFS('Heo thịt_Nhập dữ liệu hàng ngày'!$AB:$AB,'Heo thịt_Nhập dữ liệu hàng ngày'!$M:$M,'Theo dõi khách hàng heo thịt'!C15) -> 0 | F15: =SUMIFS('Heo thịt_Nhập dữ liệu hàng ngày'!$AC:$AC,'Heo thịt_Nhập dữ liệu hàng ngày'!$M:$M,'Theo dõi khách hàng heo thịt'!C15) -> 0 | G15: =SUMIFS('Heo thịt_Nhập dữ liệu hàng ngày'!$AD:$AD,'Heo thịt_Nhập dữ liệu hàng ngày'!$M:$M,'Theo dõi khách hàng heo thịt'!C15) -> 0 | H15: =+G15-F15 -> 0 | I15: =+ABS(H15) -> 0 | J15: =+IF(I15>500000,"check","-") -> - | L15: =+H15*(-1) -> 0 | P15: Tiger Thái Nguyên | Q15: =IFERROR(SUMIFS('Heo thịt_Nhập dữ liệu hàng ngày'!$U:$U,'Heo thịt_Nhập dữ liệu hàng ngày'!$K:$K,">="&$P$4,'Heo thịt_Nhập dữ liệu hàng ngày'!$K:$K,"<="&'Theo dõi khách hàng heo thịt'!$Q$4,'Heo thịt_Nhập dữ liệu hàng ngày'!$L:$L,'Theo dõi khách hàng heo thịt'!P15,'Heo thịt_Nhập dữ liệu hàng ngày'!$M:$M,'Theo dõi khách hàng heo thịt'!$N$5),"-") -> 0 | R15: =IFERROR(SUMIFS('Heo thịt_Nhập dữ liệu hàng ngày'!$AB:$AB,'Heo thịt_Nhập dữ liệu hàng ngày'!$K:$K,">="&$P$4,'Heo thịt_Nhập dữ liệu hàng ngày'!$K:$K,"<="&'Theo dõi khách hàng heo thịt'!$Q$4,'Heo thịt_Nhập dữ liệu hàng ngày'!$L:$L,'Theo dõi khách hàng heo thịt'!P15,'Heo thịt_Nhập dữ liệu hàng ngày'!$M:$M,'Theo dõi khách hàng heo thịt'!$N$5),"-") -> 0 | S15: =IFERROR(SUMIFS('Heo thịt_Nhập dữ liệu hàng ngày'!$AC:$AC,'Heo thịt_Nhập dữ liệu hàng ngày'!$K:$K,">="&$P$4,'Heo thịt_Nhập dữ liệu hàng ngày'!$K:$K,"<="&'Theo dõi khách hàng heo thịt'!$Q$4,'Heo thịt_Nhập dữ liệu hàng ngày'!$L:$L,'Theo dõi khách hàng heo thịt'!P15,'Heo thịt_Nhập dữ liệu hàng ngày'!$M:$M,'Theo dõi khách hàng heo thịt'!$N$5),"-") -> 0 | T15: =IFERROR(SUMIFS('Heo thịt_Nhập dữ liệu hàng ngày'!$AD:$AD,'Heo thịt_Nhập dữ liệu hàng ngày'!$K:$K,">="&$P$4,'Heo thịt_Nhập dữ liệu hàng ngày'!$K:$K,"<="&'Theo dõi khách hàng heo thịt'!$Q$4,'Heo thịt_Nhập dữ liệu hàng ngày'!$L:$L,'Theo dõi khách hàng heo thịt'!P15,'Heo thịt_Nhập dữ liệu hàng ngày'!$M:$M,'Theo dõi khách hàng heo thịt'!$N$5),"-") -> 0 | U15: =IFERROR(+T15-S15,"-") -> 0
B16: 12 | C16: =IFERROR(Data!C15,"") -> 0 | D16: =SUMIFS('Heo thịt_Nhập dữ liệu hàng ngày'!$U:$U,'Heo thịt_Nhập dữ liệu hàng ngày'!$M:$M,'Theo dõi khách hàng heo thịt'!C16) -> 0 | E16: =SUMIFS('Heo thịt_Nhập dữ liệu hàng ngày'!$AB:$AB,'Heo thịt_Nhập dữ liệu hàng ngày'!$M:$M,'Theo dõi khách hàng heo thịt'!C16) -> 0 | F16: =SUMIFS('Heo thịt_Nhập dữ liệu hàng ngày'!$AC:$AC,'Heo thịt_Nhập dữ liệu hàng ngày'!$M:$M,'Theo dõi khách hàng heo thịt'!C16) -> 0 | G16: =SUMIFS('Heo thịt_Nhập dữ liệu hàng ngày'!$AD:$AD,'Heo thịt_Nhập dữ liệu hàng ngày'!$M:$M,'Theo dõi khách hàng heo thịt'!C16) -> 0 | H16: =+G16-F16 -> 0 | I16: =+ABS(H16) -> 0 | J16: =+IF(I16>500000,"check","-") -> - | L16: =+H16*(-1) -> 0 | P16: Tiger Phú Thọ 3 (Thanh Sơn) | Q16: =IFERROR(SUMIFS('Heo thịt_Nhập dữ liệu hàng ngày'!$U:$U,'Heo thịt_Nhập dữ liệu hàng ngày'!$K:$K,">="&$P$4,'Heo thịt_Nhập dữ liệu hàng ngày'!$K:$K,"<="&'Theo dõi khách hàng heo thịt'!$Q$4,'Heo thịt_Nhập dữ liệu hàng ngày'!$L:$L,'Theo dõi khách hàng heo thịt'!P16,'Heo thịt_Nhập dữ liệu hàng ngày'!$M:$M,'Theo dõi khách hàng heo thịt'!$N$5),"-") -> 0 | R16: =IFERROR(SUMIFS('Heo thịt_Nhập dữ liệu hàng ngày'!$AB:$AB,'Heo thịt_Nhập dữ liệu hàng ngày'!$K:$K,">="&$P$4,'Heo thịt_Nhập dữ liệu hàng ngày'!$K:$K,"<="&'Theo dõi khách hàng heo thịt'!$Q$4,'Heo thịt_Nhập dữ liệu hàng ngày'!$L:$L,'Theo dõi khách hàng heo thịt'!P16,'Heo thịt_Nhập dữ liệu hàng ngày'!$M:$M,'Theo dõi khách hàng heo thịt'!$N$5),"-") -> 0 | S16: =IFERROR(SUMIFS('Heo thịt_Nhập dữ liệu hàng ngày'!$AC:$AC,'Heo thịt_Nhập dữ liệu hàng ngày'!$K:$K,">="&$P$4,'Heo thịt_Nhập dữ liệu hàng ngày'!$K:$K,"<="&'Theo dõi khách hàng heo thịt'!$Q$4,'Heo thịt_Nhập dữ liệu hàng ngày'!$L:$L,'Theo dõi khách hàng heo thịt'!P16,'Heo thịt_Nhập dữ liệu hàng ngày'!$M:$M,'Theo dõi khách hàng heo thịt'!$N$5),"-") -> 0 | T16: =IFERROR(SUMIFS('Heo thịt_Nhập dữ liệu hàng ngày'!$AD:$AD,'Heo thịt_Nhập dữ liệu hàng ngày'!$K:$K,">="&$P$4,'Heo thịt_Nhập dữ liệu hàng ngày'!$K:$K,"<="&'Theo dõi khách hàng heo thịt'!$Q$4,'Heo thịt_Nhập dữ liệu hàng ngày'!$L:$L,'Theo dõi khách hàng heo thịt'!P16,'Heo thịt_Nhập dữ liệu hàng ngày'!$M:$M,'Theo dõi khách hàng heo thịt'!$N$5),"-") -> 0 | U16: =IFERROR(+T16-S16,"-") -> 0
B17: 13 | C17: =IFERROR(Data!C16,"") -> 0 | D17: =SUMIFS('Heo thịt_Nhập dữ liệu hàng ngày'!$U:$U,'Heo thịt_Nhập dữ liệu hàng ngày'!$M:$M,'Theo dõi khách hàng heo thịt'!C17) -> 0 | E17: =SUMIFS('Heo thịt_Nhập dữ liệu hàng ngày'!$AB:$AB,'Heo thịt_Nhập dữ liệu hàng ngày'!$M:$M,'Theo dõi khách hàng heo thịt'!C17) -> 0 | F17: =SUMIFS('Heo thịt_Nhập dữ liệu hàng ngày'!$AC:$AC,'Heo thịt_Nhập dữ liệu hàng ngày'!$M:$M,'Theo dõi khách hàng heo thịt'!C17) -> 0 | G17: =SUMIFS('Heo thịt_Nhập dữ liệu hàng ngày'!$AD:$AD,'Heo thịt_Nhập dữ liệu hàng ngày'!$M:$M,'Theo dõi khách hàng heo thịt'!C17) -> 0 | H17: =+G17-F17 -> 0 | I17: =+ABS(H17) -> 0 | J17: =+IF(I17>500000,"check","-") -> - | L17: =+H17*(-1) -> 0 | P17: Tiger Thái Nguyên(Đồng Hỷ) | Q17: =IFERROR(SUMIFS('Heo thịt_Nhập dữ liệu hàng ngày'!$U:$U,'Heo thịt_Nhập dữ liệu hàng ngày'!$K:$K,">="&$P$4,'Heo thịt_Nhập dữ liệu hàng ngày'!$K:$K,"<="&'Theo dõi khách hàng heo thịt'!$Q$4,'Heo thịt_Nhập dữ liệu hàng ngày'!$L:$L,'Theo dõi khách hàng heo thịt'!P17,'Heo thịt_Nhập dữ liệu hàng ngày'!$M:$M,'Theo dõi khách hàng heo thịt'!$N$5),"-") -> 0 | R17: =IFERROR(SUMIFS('Heo thịt_Nhập dữ liệu hàng ngày'!$AB:$AB,'Heo thịt_Nhập dữ liệu hàng ngày'!$K:$K,">="&$P$4,'Heo thịt_Nhập dữ liệu hàng ngày'!$K:$K,"<="&'Theo dõi khách hàng heo thịt'!$Q$4,'Heo thịt_Nhập dữ liệu hàng ngày'!$L:$L,'Theo dõi khách hàng heo thịt'!P17,'Heo thịt_Nhập dữ liệu hàng ngày'!$M:$M,'Theo dõi khách hàng heo thịt'!$N$5),"-") -> 0 | S17: =IFERROR(SUMIFS('Heo thịt_Nhập dữ liệu hàng ngày'!$AC:$AC,'Heo thịt_Nhập dữ liệu hàng ngày'!$K:$K,">="&$P$4,'Heo thịt_Nhập dữ liệu hàng ngày'!$K:$K,"<="&'Theo dõi khách hàng heo thịt'!$Q$4,'Heo thịt_Nhập dữ liệu hàng ngày'!$L:$L,'Theo dõi khách hàng heo thịt'!P17,'Heo thịt_Nhập dữ liệu hàng ngày'!$M:$M,'Theo dõi khách hàng heo thịt'!$N$5),"-") -> 0 | T17: =IFERROR(SUMIFS('Heo thịt_Nhập dữ liệu hàng ngày'!$AD:$AD,'Heo thịt_Nhập dữ liệu hàng ngày'!$K:$K,">="&$P$4,'Heo thịt_Nhập dữ liệu hàng ngày'!$K:$K,"<="&'Theo dõi khách hàng heo thịt'!$Q$4,'Heo thịt_Nhập dữ liệu hàng ngày'!$L:$L,'Theo dõi khách hàng heo thịt'!P17,'Heo thịt_Nhập dữ liệu hàng ngày'!$M:$M,'Theo dõi khách hàng heo thịt'!$N$5),"-") -> 0 | U17: =IFERROR(+T17-S17,"-") -> 0
B18: 14 | C18: =IFERROR(Data!C17,"") -> 0 | D18: =SUMIFS('Heo thịt_Nhập dữ liệu hàng ngày'!$U:$U,'Heo thịt_Nhập dữ liệu hàng ngày'!$M:$M,'Theo dõi khách hàng heo thịt'!C18) -> 0 | E18: =SUMIFS('Heo thịt_Nhập dữ liệu hàng ngày'!$AB:$AB,'Heo thịt_Nhập dữ liệu hàng ngày'!$M:$M,'Theo dõi khách hàng heo thịt'!C18) -> 0 | F18: =SUMIFS('Heo thịt_Nhập dữ liệu hàng ngày'!$AC:$AC,'Heo thịt_Nhập dữ liệu hàng ngày'!$M:$M,'Theo dõi khách hàng heo thịt'!C18) -> 0 | G18: =SUMIFS('Heo thịt_Nhập dữ liệu hàng ngày'!$AD:$AD,'Heo thịt_Nhập dữ liệu hàng ngày'!$M:$M,'Theo dõi khách hàng heo thịt'!C18) -> 0 | H18: =+G18-F18 -> 0 | I18: =+ABS(H18) -> 0 | J18: =+IF(I18>500000,"check","-") -> - | L18: =+H18*(-1) -> 0 | P18: Tiger Thanh Hóa | Q18: =IFERROR(SUMIFS('Heo thịt_Nhập dữ liệu hàng ngày'!$U:$U,'Heo thịt_Nhập dữ liệu hàng ngày'!$K:$K,">="&$P$4,'Heo thịt_Nhập dữ liệu hàng ngày'!$K:$K,"<="&'Theo dõi khách hàng heo thịt'!$Q$4,'Heo thịt_Nhập dữ liệu hàng ngày'!$L:$L,'Theo dõi khách hàng heo thịt'!P18,'Heo thịt_Nhập dữ liệu hàng ngày'!$M:$M,'Theo dõi khách hàng heo thịt'!$N$5),"-") -> 0 | R18: =IFERROR(SUMIFS('Heo thịt_Nhập dữ liệu hàng ngày'!$AB:$AB,'Heo thịt_Nhập dữ liệu hàng ngày'!$K:$K,">="&$P$4,'Heo thịt_Nhập dữ liệu hàng ngày'!$K:$K,"<="&'Theo dõi khách hàng heo thịt'!$Q$4,'Heo thịt_Nhập dữ liệu hàng ngày'!$L:$L,'Theo dõi khách hàng heo thịt'!P18,'Heo thịt_Nhập dữ liệu hàng ngày'!$M:$M,'Theo dõi khách hàng heo thịt'!$N$5),"-") -> 0 | S18: =IFERROR(SUMIFS('Heo thịt_Nhập dữ liệu hàng ngày'!$AC:$AC,'Heo thịt_Nhập dữ liệu hàng ngày'!$K:$K,">="&$P$4,'Heo thịt_Nhập dữ liệu hàng ngày'!$K:$K,"<="&'Theo dõi khách hàng heo thịt'!$Q$4,'Heo thịt_Nhập dữ liệu hàng ngày'!$L:$L,'Theo dõi khách hàng heo thịt'!P18,'Heo thịt_Nhập dữ liệu hàng ngày'!$M:$M,'Theo dõi khách hàng heo thịt'!$N$5),"-") -> 0 | T18: =IFERROR(SUMIFS('Heo thịt_Nhập dữ liệu hàng ngày'!$AD:$AD,'Heo thịt_Nhập dữ liệu hàng ngày'!$K:$K,">="&$P$4,'Heo thịt_Nhập dữ liệu hàng ngày'!$K:$K,"<="&'Theo dõi khách hàng heo thịt'!$Q$4,'Heo thịt_Nhập dữ liệu hàng ngày'!$L:$L,'Theo dõi khách hàng heo thịt'!P18,'Heo thịt_Nhập dữ liệu hàng ngày'!$M:$M,'Theo dõi khách hàng heo thịt'!$N$5),"-") -> 0 | U18: =IFERROR(+T18-S18,"-") -> 0
B19: 15 | C19: =IFERROR(Data!C18,"") -> 0 | D19: =SUMIFS('Heo thịt_Nhập dữ liệu hàng ngày'!$U:$U,'Heo thịt_Nhập dữ liệu hàng ngày'!$M:$M,'Theo dõi khách hàng heo thịt'!C19) -> 0 | E19: =SUMIFS('Heo thịt_Nhập dữ liệu hàng ngày'!$AB:$AB,'Heo thịt_Nhập dữ liệu hàng ngày'!$M:$M,'Theo dõi khách hàng heo thịt'!C19) -> 0 | F19: =SUMIFS('Heo thịt_Nhập dữ liệu hàng ngày'!$AC:$AC,'Heo thịt_Nhập dữ liệu hàng ngày'!$M:$M,'Theo dõi khách hàng heo thịt'!C19) -> 0 | G19: =SUMIFS('Heo thịt_Nhập dữ liệu hàng ngày'!$AD:$AD,'Heo thịt_Nhập dữ liệu hàng ngày'!$M:$M,'Theo dõi khách hàng heo thịt'!C19) -> 0 | H19: =+G19-F19 -> 0 | I19: =+ABS(H19) -> 0 | J19: =+IF(I19>500000,"check","-") -> - | L19: =+H19*(-1) -> 0 | P19: Thanh Hóa Nái | Q19: =IFERROR(SUMIFS('Heo thịt_Nhập dữ liệu hàng ngày'!$U:$U,'Heo thịt_Nhập dữ liệu hàng ngày'!$K:$K,">="&$P$4,'Heo thịt_Nhập dữ liệu hàng ngày'!$K:$K,"<="&'Theo dõi khách hàng heo thịt'!$Q$4,'Heo thịt_Nhập dữ liệu hàng ngày'!$L:$L,'Theo dõi khách hàng heo thịt'!P19,'Heo thịt_Nhập dữ liệu hàng ngày'!$M:$M,'Theo dõi khách hàng heo thịt'!$N$5),"-") -> 0 | R19: =IFERROR(SUMIFS('Heo thịt_Nhập dữ liệu hàng ngày'!$AB:$AB,'Heo thịt_Nhập dữ liệu hàng ngày'!$K:$K,">="&$P$4,'Heo thịt_Nhập dữ liệu hàng ngày'!$K:$K,"<="&'Theo dõi khách hàng heo thịt'!$Q$4,'Heo thịt_Nhập dữ liệu hàng ngày'!$L:$L,'Theo dõi khách hàng heo thịt'!P19,'Heo thịt_Nhập dữ liệu hàng ngày'!$M:$M,'Theo dõi khách hàng heo thịt'!$N$5),"-") -> 0 | S19: =IFERROR(SUMIFS('Heo thịt_Nhập dữ liệu hàng ngày'!$AC:$AC,'Heo thịt_Nhập dữ liệu hàng ngày'!$K:$K,">="&$P$4,'Heo thịt_Nhập dữ liệu hàng ngày'!$K:$K,"<="&'Theo dõi khách hàng heo thịt'!$Q$4,'Heo thịt_Nhập dữ liệu hàng ngày'!$L:$L,'Theo dõi khách hàng heo thịt'!P19,'Heo thịt_Nhập dữ liệu hàng ngày'!$M:$M,'Theo dõi khách hàng heo thịt'!$N$5),"-") -> 0 | T19: =IFERROR(SUMIFS('Heo thịt_Nhập dữ liệu hàng ngày'!$AD:$AD,'Heo thịt_Nhập dữ liệu hàng ngày'!$K:$K,">="&$P$4,'Heo thịt_Nhập dữ liệu hàng ngày'!$K:$K,"<="&'Theo dõi khách hàng heo thịt'!$Q$4,'Heo thịt_Nhập dữ liệu hàng ngày'!$L:$L,'Theo dõi khách hàng heo thịt'!P19,'Heo thịt_Nhập dữ liệu hàng ngày'!$M:$M,'Theo dõi khách hàng heo thịt'!$N$5),"-") -> 0 | U19: =IFERROR(+T19-S19,"-") -> 0
B20: 16 | C20: =IFERROR(Data!C19,"") -> 0 | D20: =SUMIFS('Heo thịt_Nhập dữ liệu hàng ngày'!$U:$U,'Heo thịt_Nhập dữ liệu hàng ngày'!$M:$M,'Theo dõi khách hàng heo thịt'!C20) -> 0 | E20: =SUMIFS('Heo thịt_Nhập dữ liệu hàng ngày'!$AB:$AB,'Heo thịt_Nhập dữ liệu hàng ngày'!$M:$M,'Theo dõi khách hàng heo thịt'!C20) -> 0 | F20: =SUMIFS('Heo thịt_Nhập dữ liệu hàng ngày'!$AC:$AC,'Heo thịt_Nhập dữ liệu hàng ngày'!$M:$M,'Theo dõi khách hàng heo thịt'!C20) -> 0 | G20: =SUMIFS('Heo thịt_Nhập dữ liệu hàng ngày'!$AD:$AD,'Heo thịt_Nhập dữ liệu hàng ngày'!$M:$M,'Theo dõi khách hàng heo thịt'!C20) -> 0 | H20: =+G20-F20 -> 0 | I20: =+ABS(H20) -> 0 | J20: =+IF(I20>500000,"check","-") -> - | L20: =+H20*(-1) -> 0 | P20: Thanh Hóa Thịt | Q20: =IFERROR(SUMIFS('Heo thịt_Nhập dữ liệu hàng ngày'!$U:$U,'Heo thịt_Nhập dữ liệu hàng ngày'!$K:$K,">="&$P$4,'Heo thịt_Nhập dữ liệu hàng ngày'!$K:$K,"<="&'Theo dõi khách hàng heo thịt'!$Q$4,'Heo thịt_Nhập dữ liệu hàng ngày'!$L:$L,'Theo dõi khách hàng heo thịt'!P20,'Heo thịt_Nhập dữ liệu hàng ngày'!$M:$M,'Theo dõi khách hàng heo thịt'!$N$5),"-") -> 0 | R20: =IFERROR(SUMIFS('Heo thịt_Nhập dữ liệu hàng ngày'!$AB:$AB,'Heo thịt_Nhập dữ liệu hàng ngày'!$K:$K,">="&$P$4,'Heo thịt_Nhập dữ liệu hàng ngày'!$K:$K,"<="&'Theo dõi khách hàng heo thịt'!$Q$4,'Heo thịt_Nhập dữ liệu hàng ngày'!$L:$L,'Theo dõi khách hàng heo thịt'!P20,'Heo thịt_Nhập dữ liệu hàng ngày'!$M:$M,'Theo dõi khách hàng heo thịt'!$N$5),"-") -> 0 | S20: =IFERROR(SUMIFS('Heo thịt_Nhập dữ liệu hàng ngày'!$AC:$AC,'Heo thịt_Nhập dữ liệu hàng ngày'!$K:$K,">="&$P$4,'Heo thịt_Nhập dữ liệu hàng ngày'!$K:$K,"<="&'Theo dõi khách hàng heo thịt'!$Q$4,'Heo thịt_Nhập dữ liệu hàng ngày'!$L:$L,'Theo dõi khách hàng heo thịt'!P20,'Heo thịt_Nhập dữ liệu hàng ngày'!$M:$M,'Theo dõi khách hàng heo thịt'!$N$5),"-") -> 0 | T20: =IFERROR(SUMIFS('Heo thịt_Nhập dữ liệu hàng ngày'!$AD:$AD,'Heo thịt_Nhập dữ liệu hàng ngày'!$K:$K,">="&$P$4,'Heo thịt_Nhập dữ liệu hàng ngày'!$K:$K,"<="&'Theo dõi khách hàng heo thịt'!$Q$4,'Heo thịt_Nhập dữ liệu hàng ngày'!$L:$L,'Theo dõi khách hàng heo thịt'!P20,'Heo thịt_Nhập dữ liệu hàng ngày'!$M:$M,'Theo dõi khách hàng heo thịt'!$N$5),"-") -> 0 | U20: =IFERROR(+T20-S20,"-") -> 0
B21: 17 | C21: =IFERROR(Data!C20,"") -> 0 | D21: =SUMIFS('Heo thịt_Nhập dữ liệu hàng ngày'!$U:$U,'Heo thịt_Nhập dữ liệu hàng ngày'!$M:$M,'Theo dõi khách hàng heo thịt'!C21) -> 0 | E21: =SUMIFS('Heo thịt_Nhập dữ liệu hàng ngày'!$AB:$AB,'Heo thịt_Nhập dữ liệu hàng ngày'!$M:$M,'Theo dõi khách hàng heo thịt'!C21) -> 0 | F21: =SUMIFS('Heo thịt_Nhập dữ liệu hàng ngày'!$AC:$AC,'Heo thịt_Nhập dữ liệu hàng ngày'!$M:$M,'Theo dõi khách hàng heo thịt'!C21) -> 0 | G21: =SUMIFS('Heo thịt_Nhập dữ liệu hàng ngày'!$AD:$AD,'Heo thịt_Nhập dữ liệu hàng ngày'!$M:$M,'Theo dõi khách hàng heo thịt'!C21) -> 0 | H21: =+G21-F21 -> 0 | I21: =+ABS(H21) -> 0 | J21: =+IF(I21>500000,"check","-") -> - | P21: Nái APPE AC | Q21: =IFERROR(SUMIFS('Heo thịt_Nhập dữ liệu hàng ngày'!$U:$U,'Heo thịt_Nhập dữ liệu hàng ngày'!$K:$K,">="&$P$4,'Heo thịt_Nhập dữ liệu hàng ngày'!$K:$K,"<="&'Theo dõi khách hàng heo thịt'!$Q$4,'Heo thịt_Nhập dữ liệu hàng ngày'!$L:$L,'Theo dõi khách hàng heo thịt'!P21,'Heo thịt_Nhập dữ liệu hàng ngày'!$M:$M,'Theo dõi khách hàng heo thịt'!$N$5),"-") -> 0 | R21: =IFERROR(SUMIFS('Heo thịt_Nhập dữ liệu hàng ngày'!$AB:$AB,'Heo thịt_Nhập dữ liệu hàng ngày'!$K:$K,">="&$P$4,'Heo thịt_Nhập dữ liệu hàng ngày'!$K:$K,"<="&'Theo dõi khách hàng heo thịt'!$Q$4,'Heo thịt_Nhập dữ liệu hàng ngày'!$L:$L,'Theo dõi khách hàng heo thịt'!P21,'Heo thịt_Nhập dữ liệu hàng ngày'!$M:$M,'Theo dõi khách hàng heo thịt'!$N$5),"-") -> 0 | S21: =IFERROR(SUMIFS('Heo thịt_Nhập dữ liệu hàng ngày'!$AC:$AC,'Heo thịt_Nhập dữ liệu hàng ngày'!$K:$K,">="&$P$4,'Heo thịt_Nhập dữ liệu hàng ngày'!$K:$K,"<="&'Theo dõi khách hàng heo thịt'!$Q$4,'Heo thịt_Nhập dữ liệu hàng ngày'!$L:$L,'Theo dõi khách hàng heo thịt'!P21,'Heo thịt_Nhập dữ liệu hàng ngày'!$M:$M,'Theo dõi khách hàng heo thịt'!$N$5),"-") -> 0 | T21: =IFERROR(SUMIFS('Heo thịt_Nhập dữ liệu hàng ngày'!$AD:$AD,'Heo thịt_Nhập dữ liệu hàng ngày'!$K:$K,">="&$P$4,'Heo thịt_Nhập dữ liệu hàng ngày'!$K:$K,"<="&'Theo dõi khách hàng heo thịt'!$Q$4,'Heo thịt_Nhập dữ liệu hàng ngày'!$L:$L,'Theo dõi khách hàng heo thịt'!P21,'Heo thịt_Nhập dữ liệu hàng ngày'!$M:$M,'Theo dõi khách hàng heo thịt'!$N$5),"-") -> 0 | U21: =IFERROR(+T21-S21,"-") -> 0
B22: 18 | C22: =IFERROR(Data!C21,"") -> 0 | D22: =SUMIFS('Heo thịt_Nhập dữ liệu hàng ngày'!$U:$U,'Heo thịt_Nhập dữ liệu hàng ngày'!$M:$M,'Theo dõi khách hàng heo thịt'!C22) -> 0 | E22: =SUMIFS('Heo thịt_Nhập dữ liệu hàng ngày'!$AB:$AB,'Heo thịt_Nhập dữ liệu hàng ngày'!$M:$M,'Theo dõi khách hàng heo thịt'!C22) -> 0 | F22: =SUMIFS('Heo thịt_Nhập dữ liệu hàng ngày'!$AC:$AC,'Heo thịt_Nhập dữ liệu hàng ngày'!$M:$M,'Theo dõi khách hàng heo thịt'!C22) -> 0 | G22: =SUMIFS('Heo thịt_Nhập dữ liệu hàng ngày'!$AD:$AD,'Heo thịt_Nhập dữ liệu hàng ngày'!$M:$M,'Theo dõi khách hàng heo thịt'!C22) -> 0 | H22: =+G22-F22 -> 0 | I22: =+ABS(H22) -> 0 | J22: =+IF(I22>500000,"check","-") -> - | L22: =+H22*(-1) -> 0 | P22: Ninh Bình | Q22: =IFERROR(SUMIFS('Heo thịt_Nhập dữ liệu hàng ngày'!$U:$U,'Heo thịt_Nhập dữ liệu hàng ngày'!$K:$K,">="&$P$4,'Heo thịt_Nhập dữ liệu hàng ngày'!$K:$K,"<="&'Theo dõi khách hàng heo thịt'!$Q$4,'Heo thịt_Nhập dữ liệu hàng ngày'!$L:$L,'Theo dõi khách hàng heo thịt'!P22,'Heo thịt_Nhập dữ liệu hàng ngày'!$M:$M,'Theo dõi khách hàng heo thịt'!$N$5),"-") -> 0 | R22: =IFERROR(SUMIFS('Heo thịt_Nhập dữ liệu hàng ngày'!$AB:$AB,'Heo thịt_Nhập dữ liệu hàng ngày'!$K:$K,">="&$P$4,'Heo thịt_Nhập dữ liệu hàng ngày'!$K:$K,"<="&'Theo dõi khách hàng heo thịt'!$Q$4,'Heo thịt_Nhập dữ liệu hàng ngày'!$L:$L,'Theo dõi khách hàng heo thịt'!P22,'Heo thịt_Nhập dữ liệu hàng ngày'!$M:$M,'Theo dõi khách hàng heo thịt'!$N$5),"-") -> 0 | S22: =IFERROR(SUMIFS('Heo thịt_Nhập dữ liệu hàng ngày'!$AC:$AC,'Heo thịt_Nhập dữ liệu hàng ngày'!$K:$K,">="&$P$4,'Heo thịt_Nhập dữ liệu hàng ngày'!$K:$K,"<="&'Theo dõi khách hàng heo thịt'!$Q$4,'Heo thịt_Nhập dữ liệu hàng ngày'!$L:$L,'Theo dõi khách hàng heo thịt'!P22,'Heo thịt_Nhập dữ liệu hàng ngày'!$M:$M,'Theo dõi khách hàng heo thịt'!$N$5),"-") -> 0 | T22: =IFERROR(SUMIFS('Heo thịt_Nhập dữ liệu hàng ngày'!$AD:$AD,'Heo thịt_Nhập dữ liệu hàng ngày'!$K:$K,">="&$P$4,'Heo thịt_Nhập dữ liệu hàng ngày'!$K:$K,"<="&'Theo dõi khách hàng heo thịt'!$Q$4,'Heo thịt_Nhập dữ liệu hàng ngày'!$L:$L,'Theo dõi khách hàng heo thịt'!P22,'Heo thịt_Nhập dữ liệu hàng ngày'!$M:$M,'Theo dõi khách hàng heo thịt'!$N$5),"-") -> 0 | U22: =IFERROR(+T22-S22,"-") -> 0
B23: 19 | C23: =IFERROR(Data!C22,"") -> 0 | D23: =SUMIFS('Heo thịt_Nhập dữ liệu hàng ngày'!$U:$U,'Heo thịt_Nhập dữ liệu hàng ngày'!$M:$M,'Theo dõi khách hàng heo thịt'!C23) -> 0 | E23: =SUMIFS('Heo thịt_Nhập dữ liệu hàng ngày'!$AB:$AB,'Heo thịt_Nhập dữ liệu hàng ngày'!$M:$M,'Theo dõi khách hàng heo thịt'!C23) -> 0 | F23: =SUMIFS('Heo thịt_Nhập dữ liệu hàng ngày'!$AC:$AC,'Heo thịt_Nhập dữ liệu hàng ngày'!$M:$M,'Theo dõi khách hàng heo thịt'!C23) -> 0 | G23: =SUMIFS('Heo thịt_Nhập dữ liệu hàng ngày'!$AD:$AD,'Heo thịt_Nhập dữ liệu hàng ngày'!$M:$M,'Theo dõi khách hàng heo thịt'!C23) -> 0 | H23: =+G23-F23 -> 0 | I23: =+ABS(H23) -> 0 | J23: =+IF(I23>500000,"check","-") -> - | K23: 978.8tr tiền hàng 8/9 + 172.2tr thiếu 10/9 | L23: =+H23*(-1) -> 0 | P23: Chương Mỹ | Q23: =IFERROR(SUMIFS('Heo thịt_Nhập dữ liệu hàng ngày'!$U:$U,'Heo thịt_Nhập dữ liệu hàng ngày'!$K:$K,">="&$P$4,'Heo thịt_Nhập dữ liệu hàng ngày'!$K:$K,"<="&'Theo dõi khách hàng heo thịt'!$Q$4,'Heo thịt_Nhập dữ liệu hàng ngày'!$L:$L,'Theo dõi khách hàng heo thịt'!P23,'Heo thịt_Nhập dữ liệu hàng ngày'!$M:$M,'Theo dõi khách hàng heo thịt'!$N$5),"-") -> 0 | R23: =IFERROR(SUMIFS('Heo thịt_Nhập dữ liệu hàng ngày'!$AB:$AB,'Heo thịt_Nhập dữ liệu hàng ngày'!$K:$K,">="&$P$4,'Heo thịt_Nhập dữ liệu hàng ngày'!$K:$K,"<="&'Theo dõi khách hàng heo thịt'!$Q$4,'Heo thịt_Nhập dữ liệu hàng ngày'!$L:$L,'Theo dõi khách hàng heo thịt'!P23,'Heo thịt_Nhập dữ liệu hàng ngày'!$M:$M,'Theo dõi khách hàng heo thịt'!$N$5),"-") -> 0 | S23: =IFERROR(SUMIFS('Heo thịt_Nhập dữ liệu hàng ngày'!$AC:$AC,'Heo thịt_Nhập dữ liệu hàng ngày'!$K:$K,">="&$P$4,'Heo thịt_Nhập dữ liệu hàng ngày'!$K:$K,"<="&'Theo dõi khách hàng heo thịt'!$Q$4,'Heo thịt_Nhập dữ liệu hàng ngày'!$L:$L,'Theo dõi khách hàng heo thịt'!P23,'Heo thịt_Nhập dữ liệu hàng ngày'!$M:$M,'Theo dõi khách hàng heo thịt'!$N$5),"-") -> 0 | T23: =IFERROR(SUMIFS('Heo thịt_Nhập dữ liệu hàng ngày'!$AD:$AD,'Heo thịt_Nhập dữ liệu hàng ngày'!$K:$K,">="&$P$4,'Heo thịt_Nhập dữ liệu hàng ngày'!$K:$K,"<="&'Theo dõi khách hàng heo thịt'!$Q$4,'Heo thịt_Nhập dữ liệu hàng ngày'!$L:$L,'Theo dõi khách hàng heo thịt'!P23,'Heo thịt_Nhập dữ liệu hàng ngày'!$M:$M,'Theo dõi khách hàng heo thịt'!$N$5),"-") -> 0 | U23: =IFERROR(+T23-S23,"-") -> 0
B24: 20 | C24: =IFERROR(Data!C23,"") -> 0 | D24: =SUMIFS('Heo thịt_Nhập dữ liệu hàng ngày'!$U:$U,'Heo thịt_Nhập dữ liệu hàng ngày'!$M:$M,'Theo dõi khách hàng heo thịt'!C24) -> 0 | E24: =SUMIFS('Heo thịt_Nhập dữ liệu hàng ngày'!$AB:$AB,'Heo thịt_Nhập dữ liệu hàng ngày'!$M:$M,'Theo dõi khách hàng heo thịt'!C24) -> 0 | F24: =SUMIFS('Heo thịt_Nhập dữ liệu hàng ngày'!$AC:$AC,'Heo thịt_Nhập dữ liệu hàng ngày'!$M:$M,'Theo dõi khách hàng heo thịt'!C24) -> 0 | G24: =SUMIFS('Heo thịt_Nhập dữ liệu hàng ngày'!$AD:$AD,'Heo thịt_Nhập dữ liệu hàng ngày'!$M:$M,'Theo dõi khách hàng heo thịt'!C24) -> 0 | H24: =+G24-F24 -> 0 | I24: =+ABS(H24) -> 0 | J24: =+IF(I24>500000,"check","-") -> - | L24: =+H24*(-1) -> 0 | P24: Thái Bình | Q24: =IFERROR(SUMIFS('Heo thịt_Nhập dữ liệu hàng ngày'!$U:$U,'Heo thịt_Nhập dữ liệu hàng ngày'!$K:$K,">="&$P$4,'Heo thịt_Nhập dữ liệu hàng ngày'!$K:$K,"<="&'Theo dõi khách hàng heo thịt'!$Q$4,'Heo thịt_Nhập dữ liệu hàng ngày'!$L:$L,'Theo dõi khách hàng heo thịt'!P24,'Heo thịt_Nhập dữ liệu hàng ngày'!$M:$M,'Theo dõi khách hàng heo thịt'!$N$5),"-") -> 0 | R24: =IFERROR(SUMIFS('Heo thịt_Nhập dữ liệu hàng ngày'!$AB:$AB,'Heo thịt_Nhập dữ liệu hàng ngày'!$K:$K,">="&$P$4,'Heo thịt_Nhập dữ liệu hàng ngày'!$K:$K,"<="&'Theo dõi khách hàng heo thịt'!$Q$4,'Heo thịt_Nhập dữ liệu hàng ngày'!$L:$L,'Theo dõi khách hàng heo thịt'!P24,'Heo thịt_Nhập dữ liệu hàng ngày'!$M:$M,'Theo dõi khách hàng heo thịt'!$N$5),"-") -> 0 | S24: =IFERROR(SUMIFS('Heo thịt_Nhập dữ liệu hàng ngày'!$AC:$AC,'Heo thịt_Nhập dữ liệu hàng ngày'!$K:$K,">="&$P$4,'Heo thịt_Nhập dữ liệu hàng ngày'!$K:$K,"<="&'Theo dõi khách hàng heo thịt'!$Q$4,'Heo thịt_Nhập dữ liệu hàng ngày'!$L:$L,'Theo dõi khách hàng heo thịt'!P24,'Heo thịt_Nhập dữ liệu hàng ngày'!$M:$M,'Theo dõi khách hàng heo thịt'!$N$5),"-") -> 0 | T24: =IFERROR(SUMIFS('Heo thịt_Nhập dữ liệu hàng ngày'!$AD:$AD,'Heo thịt_Nhập dữ liệu hàng ngày'!$K:$K,">="&$P$4,'Heo thịt_Nhập dữ liệu hàng ngày'!$K:$K,"<="&'Theo dõi khách hàng heo thịt'!$Q$4,'Heo thịt_Nhập dữ liệu hàng ngày'!$L:$L,'Theo dõi khách hàng heo thịt'!P24,'Heo thịt_Nhập dữ liệu hàng ngày'!$M:$M,'Theo dõi khách hàng heo thịt'!$N$5),"-") -> 0 | U24: =IFERROR(+T24-S24,"-") -> 0
B25: 21 | C25: =IFERROR(Data!C24,"") -> 0 | D25: =SUMIFS('Heo thịt_Nhập dữ liệu hàng ngày'!$U:$U,'Heo thịt_Nhập dữ liệu hàng ngày'!$M:$M,'Theo dõi khách hàng heo thịt'!C25) -> 0 | E25: =SUMIFS('Heo thịt_Nhập dữ liệu hàng ngày'!$AB:$AB,'Heo thịt_Nhập dữ liệu hàng ngày'!$M:$M,'Theo dõi khách hàng heo thịt'!C25) -> 0 | F25: =SUMIFS('Heo thịt_Nhập dữ liệu hàng ngày'!$AC:$AC,'Heo thịt_Nhập dữ liệu hàng ngày'!$M:$M,'Theo dõi khách hàng heo thịt'!C25) -> 0 | G25: =SUMIFS('Heo thịt_Nhập dữ liệu hàng ngày'!$AD:$AD,'Heo thịt_Nhập dữ liệu hàng ngày'!$M:$M,'Theo dõi khách hàng heo thịt'!C25) -> 0 | H25: =+G25-F25 -> 0 | I25: =+ABS(H25) -> 0 | J25: =+IF(I25>500000,"check","-") -> - | L25: =+H25*(-1) -> 0 | P25: Trại trống 1 | Q25: =IFERROR(SUMIFS('Heo thịt_Nhập dữ liệu hàng ngày'!$U:$U,'Heo thịt_Nhập dữ liệu hàng ngày'!$K:$K,">="&$P$4,'Heo thịt_Nhập dữ liệu hàng ngày'!$K:$K,"<="&'Theo dõi khách hàng heo thịt'!$Q$4,'Heo thịt_Nhập dữ liệu hàng ngày'!$L:$L,'Theo dõi khách hàng heo thịt'!P25,'Heo thịt_Nhập dữ liệu hàng ngày'!$M:$M,'Theo dõi khách hàng heo thịt'!$N$5),"-") -> 0 | R25: =IFERROR(SUMIFS('Heo thịt_Nhập dữ liệu hàng ngày'!$AB:$AB,'Heo thịt_Nhập dữ liệu hàng ngày'!$K:$K,">="&$P$4,'Heo thịt_Nhập dữ liệu hàng ngày'!$K:$K,"<="&'Theo dõi khách hàng heo thịt'!$Q$4,'Heo thịt_Nhập dữ liệu hàng ngày'!$L:$L,'Theo dõi khách hàng heo thịt'!P25,'Heo thịt_Nhập dữ liệu hàng ngày'!$M:$M,'Theo dõi khách hàng heo thịt'!$N$5),"-") -> 0 | S25: =IFERROR(SUMIFS('Heo thịt_Nhập dữ liệu hàng ngày'!$AC:$AC,'Heo thịt_Nhập dữ liệu hàng ngày'!$K:$K,">="&$P$4,'Heo thịt_Nhập dữ liệu hàng ngày'!$K:$K,"<="&'Theo dõi khách hàng heo thịt'!$Q$4,'Heo thịt_Nhập dữ liệu hàng ngày'!$L:$L,'Theo dõi khách hàng heo thịt'!P25,'Heo thịt_Nhập dữ liệu hàng ngày'!$M:$M,'Theo dõi khách hàng heo thịt'!$N$5),"-") -> 0 | T25: =IFERROR(SUMIFS('Heo thịt_Nhập dữ liệu hàng ngày'!$AD:$AD,'Heo thịt_Nhập dữ liệu hàng ngày'!$K:$K,">="&$P$4,'Heo thịt_Nhập dữ liệu hàng ngày'!$K:$K,"<="&'Theo dõi khách hàng heo thịt'!$Q$4,'Heo thịt_Nhập dữ liệu hàng ngày'!$L:$L,'Theo dõi khách hàng heo thịt'!P25,'Heo thịt_Nhập dữ liệu hàng ngày'!$M:$M,'Theo dõi khách hàng heo thịt'!$N$5),"-") -> 0 | U25: =IFERROR(+T25-S25,"-") -> 0
B26: 22 | C26: =IFERROR(Data!C25,"") -> 0 | D26: =SUMIFS('Heo thịt_Nhập dữ liệu hàng ngày'!$U:$U,'Heo thịt_Nhập dữ liệu hàng ngày'!$M:$M,'Theo dõi khách hàng heo thịt'!C26) -> 0 | E26: =SUMIFS('Heo thịt_Nhập dữ liệu hàng ngày'!$AB:$AB,'Heo thịt_Nhập dữ liệu hàng ngày'!$M:$M,'Theo dõi khách hàng heo thịt'!C26) -> 0 | F26: =SUMIFS('Heo thịt_Nhập dữ liệu hàng ngày'!$AC:$AC,'Heo thịt_Nhập dữ liệu hàng ngày'!$M:$M,'Theo dõi khách hàng heo thịt'!C26) -> 0 | G26: =SUMIFS('Heo thịt_Nhập dữ liệu hàng ngày'!$AD:$AD,'Heo thịt_Nhập dữ liệu hàng ngày'!$M:$M,'Theo dõi khách hàng heo thịt'!C26) -> 0 | H26: =+G26-F26 -> 0 | I26: =+ABS(H26) -> 0 | J26: =+IF(I26>500000,"check","-") -> - | L26: =+H26*(-1) -> 0 | P26: Trại trống 2 | Q26: =IFERROR(SUMIFS('Heo thịt_Nhập dữ liệu hàng ngày'!$U:$U,'Heo thịt_Nhập dữ liệu hàng ngày'!$K:$K,">="&$P$4,'Heo thịt_Nhập dữ liệu hàng ngày'!$K:$K,"<="&'Theo dõi khách hàng heo thịt'!$Q$4,'Heo thịt_Nhập dữ liệu hàng ngày'!$L:$L,'Theo dõi khách hàng heo thịt'!P26,'Heo thịt_Nhập dữ liệu hàng ngày'!$M:$M,'Theo dõi khách hàng heo thịt'!$N$5),"-") -> 0 | R26: =IFERROR(SUMIFS('Heo thịt_Nhập dữ liệu hàng ngày'!$AB:$AB,'Heo thịt_Nhập dữ liệu hàng ngày'!$K:$K,">="&$P$4,'Heo thịt_Nhập dữ liệu hàng ngày'!$K:$K,"<="&'Theo dõi khách hàng heo thịt'!$Q$4,'Heo thịt_Nhập dữ liệu hàng ngày'!$L:$L,'Theo dõi khách hàng heo thịt'!P26,'Heo thịt_Nhập dữ liệu hàng ngày'!$M:$M,'Theo dõi khách hàng heo thịt'!$N$5),"-") -> 0 | S26: =IFERROR(SUMIFS('Heo thịt_Nhập dữ liệu hàng ngày'!$AC:$AC,'Heo thịt_Nhập dữ liệu hàng ngày'!$K:$K,">="&$P$4,'Heo thịt_Nhập dữ liệu hàng ngày'!$K:$K,"<="&'Theo dõi khách hàng heo thịt'!$Q$4,'Heo thịt_Nhập dữ liệu hàng ngày'!$L:$L,'Theo dõi khách hàng heo thịt'!P26,'Heo thịt_Nhập dữ liệu hàng ngày'!$M:$M,'Theo dõi khách hàng heo thịt'!$N$5),"-") -> 0 | T26: =IFERROR(SUMIFS('Heo thịt_Nhập dữ liệu hàng ngày'!$AD:$AD,'Heo thịt_Nhập dữ liệu hàng ngày'!$K:$K,">="&$P$4,'Heo thịt_Nhập dữ liệu hàng ngày'!$K:$K,"<="&'Theo dõi khách hàng heo thịt'!$Q$4,'Heo thịt_Nhập dữ liệu hàng ngày'!$L:$L,'Theo dõi khách hàng heo thịt'!P26,'Heo thịt_Nhập dữ liệu hàng ngày'!$M:$M,'Theo dõi khách hàng heo thịt'!$N$5),"-") -> 0 | U26: =IFERROR(+T26-S26,"-") -> 0
B27: 23 | C27: =IFERROR(Data!C26,"") -> 0 | D27: =SUMIFS('Heo thịt_Nhập dữ liệu hàng ngày'!$U:$U,'Heo thịt_Nhập dữ liệu hàng ngày'!$M:$M,'Theo dõi khách hàng heo thịt'!C27) -> 0 | E27: =SUMIFS('Heo thịt_Nhập dữ liệu hàng ngày'!$AB:$AB,'Heo thịt_Nhập dữ liệu hàng ngày'!$M:$M,'Theo dõi khách hàng heo thịt'!C27) -> 0 | F27: =SUMIFS('Heo thịt_Nhập dữ liệu hàng ngày'!$AC:$AC,'Heo thịt_Nhập dữ liệu hàng ngày'!$M:$M,'Theo dõi khách hàng heo thịt'!C27) -> 0 | G27: =SUMIFS('Heo thịt_Nhập dữ liệu hàng ngày'!$AD:$AD,'Heo thịt_Nhập dữ liệu hàng ngày'!$M:$M,'Theo dõi khách hàng heo thịt'!C27) -> 0 | H27: =+G27-F27 -> 0 | I27: =+ABS(H27) -> 0 | J27: =+IF(I27>500000,"check","-") -> - | L27: =+H27*(-1) -> 0 | P27: Trại trống 3 | Q27: =IFERROR(SUMIFS('Heo thịt_Nhập dữ liệu hàng ngày'!$U:$U,'Heo thịt_Nhập dữ liệu hàng ngày'!$K:$K,">="&$P$4,'Heo thịt_Nhập dữ liệu hàng ngày'!$K:$K,"<="&'Theo dõi khách hàng heo thịt'!$Q$4,'Heo thịt_Nhập dữ liệu hàng ngày'!$L:$L,'Theo dõi khách hàng heo thịt'!P27,'Heo thịt_Nhập dữ liệu hàng ngày'!$M:$M,'Theo dõi khách hàng heo thịt'!$N$5),"-") -> 0 | R27: =IFERROR(SUMIFS('Heo thịt_Nhập dữ liệu hàng ngày'!$AB:$AB,'Heo thịt_Nhập dữ liệu hàng ngày'!$K:$K,">="&$P$4,'Heo thịt_Nhập dữ liệu hàng ngày'!$K:$K,"<="&'Theo dõi khách hàng heo thịt'!$Q$4,'Heo thịt_Nhập dữ liệu hàng ngày'!$L:$L,'Theo dõi khách hàng heo thịt'!P27,'Heo thịt_Nhập dữ liệu hàng ngày'!$M:$M,'Theo dõi khách hàng heo thịt'!$N$5),"-") -> 0 | S27: =IFERROR(SUMIFS('Heo thịt_Nhập dữ liệu hàng ngày'!$AC:$AC,'Heo thịt_Nhập dữ liệu hàng ngày'!$K:$K,">="&$P$4,'Heo thịt_Nhập dữ liệu hàng ngày'!$K:$K,"<="&'Theo dõi khách hàng heo thịt'!$Q$4,'Heo thịt_Nhập dữ liệu hàng ngày'!$L:$L,'Theo dõi khách hàng heo thịt'!P27,'Heo thịt_Nhập dữ liệu hàng ngày'!$M:$M,'Theo dõi khách hàng heo thịt'!$N$5),"-") -> 0 | T27: =IFERROR(SUMIFS('Heo thịt_Nhập dữ liệu hàng ngày'!$AD:$AD,'Heo thịt_Nhập dữ liệu hàng ngày'!$K:$K,">="&$P$4,'Heo thịt_Nhập dữ liệu hàng ngày'!$K:$K,"<="&'Theo dõi khách hàng heo thịt'!$Q$4,'Heo thịt_Nhập dữ liệu hàng ngày'!$L:$L,'Theo dõi khách hàng heo thịt'!P27,'Heo thịt_Nhập dữ liệu hàng ngày'!$M:$M,'Theo dõi khách hàng heo thịt'!$N$5),"-") -> 0 | U27: =IFERROR(+T27-S27,"-") -> 0
B28: 24 | C28: =IFERROR(Data!C27,"") -> 0 | D28: =SUMIFS('Heo thịt_Nhập dữ liệu hàng ngày'!$U:$U,'Heo thịt_Nhập dữ liệu hàng ngày'!$M:$M,'Theo dõi khách hàng heo thịt'!C28) -> 0 | E28: =SUMIFS('Heo thịt_Nhập dữ liệu hàng ngày'!$AB:$AB,'Heo thịt_Nhập dữ liệu hàng ngày'!$M:$M,'Theo dõi khách hàng heo thịt'!C28) -> 0 | F28: =SUMIFS('Heo thịt_Nhập dữ liệu hàng ngày'!$AC:$AC,'Heo thịt_Nhập dữ liệu hàng ngày'!$M:$M,'Theo dõi khách hàng heo thịt'!C28) -> 0 | G28: =SUMIFS('Heo thịt_Nhập dữ liệu hàng ngày'!$AD:$AD,'Heo thịt_Nhập dữ liệu hàng ngày'!$M:$M,'Theo dõi khách hàng heo thịt'!C28) -> 0 | H28: =+G28-F28 -> 0 | I28: =+ABS(H28) -> 0 | J28: =+IF(I28>500000,"check","-") -> - | L28: =+H28*(-1) -> 0 | P28: Trại trống 4 | Q28: =IFERROR(SUMIFS('Heo thịt_Nhập dữ liệu hàng ngày'!$U:$U,'Heo thịt_Nhập dữ liệu hàng ngày'!$K:$K,">="&$P$4,'Heo thịt_Nhập dữ liệu hàng ngày'!$K:$K,"<="&'Theo dõi khách hàng heo thịt'!$Q$4,'Heo thịt_Nhập dữ liệu hàng ngày'!$L:$L,'Theo dõi khách hàng heo thịt'!P28,'Heo thịt_Nhập dữ liệu hàng ngày'!$M:$M,'Theo dõi khách hàng heo thịt'!$N$5),"-") -> 0 | R28: =IFERROR(SUMIFS('Heo thịt_Nhập dữ liệu hàng ngày'!$AB:$AB,'Heo thịt_Nhập dữ liệu hàng ngày'!$K:$K,">="&$P$4,'Heo thịt_Nhập dữ liệu hàng ngày'!$K:$K,"<="&'Theo dõi khách hàng heo thịt'!$Q$4,'Heo thịt_Nhập dữ liệu hàng ngày'!$L:$L,'Theo dõi khách hàng heo thịt'!P28,'Heo thịt_Nhập dữ liệu hàng ngày'!$M:$M,'Theo dõi khách hàng heo thịt'!$N$5),"-") -> 0 | S28: =IFERROR(SUMIFS('Heo thịt_Nhập dữ liệu hàng ngày'!$AC:$AC,'Heo thịt_Nhập dữ liệu hàng ngày'!$K:$K,">="&$P$4,'Heo thịt_Nhập dữ liệu hàng ngày'!$K:$K,"<="&'Theo dõi khách hàng heo thịt'!$Q$4,'Heo thịt_Nhập dữ liệu hàng ngày'!$L:$L,'Theo dõi khách hàng heo thịt'!P28,'Heo thịt_Nhập dữ liệu hàng ngày'!$M:$M,'Theo dõi khách hàng heo thịt'!$N$5),"-") -> 0 | T28: =IFERROR(SUMIFS('Heo thịt_Nhập dữ liệu hàng ngày'!$AD:$AD,'Heo thịt_Nhập dữ liệu hàng ngày'!$K:$K,">="&$P$4,'Heo thịt_Nhập dữ liệu hàng ngày'!$K:$K,"<="&'Theo dõi khách hàng heo thịt'!$Q$4,'Heo thịt_Nhập dữ liệu hàng ngày'!$L:$L,'Theo dõi khách hàng heo thịt'!P28,'Heo thịt_Nhập dữ liệu hàng ngày'!$M:$M,'Theo dõi khách hàng heo thịt'!$N$5),"-") -> 0 | U28: =IFERROR(+T28-S28,"-") -> 0
B29: 25 | C29: =IFERROR(Data!C28,"") -> 0 | D29: =SUMIFS('Heo thịt_Nhập dữ liệu hàng ngày'!$U:$U,'Heo thịt_Nhập dữ liệu hàng ngày'!$M:$M,'Theo dõi khách hàng heo thịt'!C29) -> 0 | E29: =SUMIFS('Heo thịt_Nhập dữ liệu hàng ngày'!$AB:$AB,'Heo thịt_Nhập dữ liệu hàng ngày'!$M:$M,'Theo dõi khách hàng heo thịt'!C29) -> 0 | F29: =SUMIFS('Heo thịt_Nhập dữ liệu hàng ngày'!$AC:$AC,'Heo thịt_Nhập dữ liệu hàng ngày'!$M:$M,'Theo dõi khách hàng heo thịt'!C29) -> 0 | G29: =SUMIFS('Heo thịt_Nhập dữ liệu hàng ngày'!$AD:$AD,'Heo thịt_Nhập dữ liệu hàng ngày'!$M:$M,'Theo dõi khách hàng heo thịt'!C29) -> 0 | H29: =+G29-F29 -> 0 | I29: =+ABS(H29) -> 0 | J29: =+IF(I29>500000,"check","-") -> - | K29: Kiểm tra tiền ck công ty 8/9 | L29: =+H29*(-1) -> 0 | P29: Trại trống 5 | Q29: =IFERROR(SUMIFS('Heo thịt_Nhập dữ liệu hàng ngày'!$U:$U,'Heo thịt_Nhập dữ liệu hàng ngày'!$K:$K,">="&$P$4,'Heo thịt_Nhập dữ liệu hàng ngày'!$K:$K,"<="&'Theo dõi khách hàng heo thịt'!$Q$4,'Heo thịt_Nhập dữ liệu hàng ngày'!$L:$L,'Theo dõi khách hàng heo thịt'!P29,'Heo thịt_Nhập dữ liệu hàng ngày'!$M:$M,'Theo dõi khách hàng heo thịt'!$N$5),"-") -> 0 | R29: =IFERROR(SUMIFS('Heo thịt_Nhập dữ liệu hàng ngày'!$AB:$AB,'Heo thịt_Nhập dữ liệu hàng ngày'!$K:$K,">="&$P$4,'Heo thịt_Nhập dữ liệu hàng ngày'!$K:$K,"<="&'Theo dõi khách hàng heo thịt'!$Q$4,'Heo thịt_Nhập dữ liệu hàng ngày'!$L:$L,'Theo dõi khách hàng heo thịt'!P29,'Heo thịt_Nhập dữ liệu hàng ngày'!$M:$M,'Theo dõi khách hàng heo thịt'!$N$5),"-") -> 0 | S29: =IFERROR(SUMIFS('Heo thịt_Nhập dữ liệu hàng ngày'!$AC:$AC,'Heo thịt_Nhập dữ liệu hàng ngày'!$K:$K,">="&$P$4,'Heo thịt_Nhập dữ liệu hàng ngày'!$K:$K,"<="&'Theo dõi khách hàng heo thịt'!$Q$4,'Heo thịt_Nhập dữ liệu hàng ngày'!$L:$L,'Theo dõi khách hàng heo thịt'!P29,'Heo thịt_Nhập dữ liệu hàng ngày'!$M:$M,'Theo dõi khách hàng heo thịt'!$N$5),"-") -> 0 | T29: =IFERROR(SUMIFS('Heo thịt_Nhập dữ liệu hàng ngày'!$AD:$AD,'Heo thịt_Nhập dữ liệu hàng ngày'!$K:$K,">="&$P$4,'Heo thịt_Nhập dữ liệu hàng ngày'!$K:$K,"<="&'Theo dõi khách hàng heo thịt'!$Q$4,'Heo thịt_Nhập dữ liệu hàng ngày'!$L:$L,'Theo dõi khách hàng heo thịt'!P29,'Heo thịt_Nhập dữ liệu hàng ngày'!$M:$M,'Theo dõi khách hàng heo thịt'!$N$5),"-") -> 0 | U29: =IFERROR(+T29-S29,"-") -> 0
B30: 26 | C30: =IFERROR(Data!C29,"") -> 0 | D30: =SUMIFS('Heo thịt_Nhập dữ liệu hàng ngày'!$U:$U,'Heo thịt_Nhập dữ liệu hàng ngày'!$M:$M,'Theo dõi khách hàng heo thịt'!C30) -> 0 | E30: =SUMIFS('Heo thịt_Nhập dữ liệu hàng ngày'!$AB:$AB,'Heo thịt_Nhập dữ liệu hàng ngày'!$M:$M,'Theo dõi khách hàng heo thịt'!C30) -> 0 | F30: =SUMIFS('Heo thịt_Nhập dữ liệu hàng ngày'!$AC:$AC,'Heo thịt_Nhập dữ liệu hàng ngày'!$M:$M,'Theo dõi khách hàng heo thịt'!C30) -> 0 | G30: =SUMIFS('Heo thịt_Nhập dữ liệu hàng ngày'!$AD:$AD,'Heo thịt_Nhập dữ liệu hàng ngày'!$M:$M,'Theo dõi khách hàng heo thịt'!C30) -> 0 | H30: =+G30-F30 -> 0 | I30: =+ABS(H30) -> 0 | J30: =+IF(I30>500000,"check","-") -> - | K30: x | L30: =+H30*(-1) -> 0
B31: 27 | C31: =IFERROR(Data!C30,"") -> 0 | D31: =SUMIFS('Heo thịt_Nhập dữ liệu hàng ngày'!$U:$U,'Heo thịt_Nhập dữ liệu hàng ngày'!$M:$M,'Theo dõi khách hàng heo thịt'!C31) -> 0 | E31: =SUMIFS('Heo thịt_Nhập dữ liệu hàng ngày'!$AB:$AB,'Heo thịt_Nhập dữ liệu hàng ngày'!$M:$M,'Theo dõi khách hàng heo thịt'!C31) -> 0 | F31: =SUMIFS('Heo thịt_Nhập dữ liệu hàng ngày'!$AC:$AC,'Heo thịt_Nhập dữ liệu hàng ngày'!$M:$M,'Theo dõi khách hàng heo thịt'!C31) -> 0 | G31: =SUMIFS('Heo thịt_Nhập dữ liệu hàng ngày'!$AD:$AD,'Heo thịt_Nhập dữ liệu hàng ngày'!$M:$M,'Theo dõi khách hàng heo thịt'!C31) -> 0 | H31: =+G31-F31 -> 0 | I31: =+ABS(H31) -> 0 | J31: =+IF(I31>500000,"check","-") -> - | L31: =+H31*(-1) -> 0 | N31: nguyễn văn tân | O31: =IFERROR(+VLOOKUP(N31,Data!C:D,2,0),"-") -> bắc giang | P31: Vĩnh Phúc Thịt | Q31: =IFERROR(SUMIFS('Heo thịt_Nhập dữ liệu hàng ngày'!$U:$U,'Heo thịt_Nhập dữ liệu hàng ngày'!$L:$L,'Theo dõi khách hàng heo thịt'!P31,'Heo thịt_Nhập dữ liệu hàng ngày'!$M:$M,'Theo dõi khách hàng heo thịt'!$N$31),"-") -> 0 | R31: =IFERROR(SUMIFS('Heo thịt_Nhập dữ liệu hàng ngày'!$AB:$AB,'Heo thịt_Nhập dữ liệu hàng ngày'!$L:$L,'Theo dõi khách hàng heo thịt'!P31,'Heo thịt_Nhập dữ liệu hàng ngày'!$M:$M,'Theo dõi khách hàng heo thịt'!$N$31),"-") -> 0 | S31: =IFERROR(SUMIFS('Heo thịt_Nhập dữ liệu hàng ngày'!$AC:$AC,'Heo thịt_Nhập dữ liệu hàng ngày'!$L:$L,'Theo dõi khách hàng heo thịt'!P31,'Heo thịt_Nhập dữ liệu hàng ngày'!$M:$M,'Theo dõi khách hàng heo thịt'!$N$31),"-") -> 0 | T31: =IFERROR(SUMIFS('Heo thịt_Nhập dữ liệu hàng ngày'!$AD:$AD,'Heo thịt_Nhập dữ liệu hàng ngày'!$L:$L,'Theo dõi khách hàng heo thịt'!P31,'Heo thịt_Nhập dữ liệu hàng ngày'!$M:$M,'Theo dõi khách hàng heo thịt'!$N$31),"-") -> 0 | U31: =IFERROR(+T31-S31,"-") -> 0
B32: 28 | C32: =IFERROR(Data!C31,"") -> 0 | D32: =SUMIFS('Heo thịt_Nhập dữ liệu hàng ngày'!$U:$U,'Heo thịt_Nhập dữ liệu hàng ngày'!$M:$M,'Theo dõi khách hàng heo thịt'!C32) -> 0 | E32: =SUMIFS('Heo thịt_Nhập dữ liệu hàng ngày'!$AB:$AB,'Heo thịt_Nhập dữ liệu hàng ngày'!$M:$M,'Theo dõi khách hàng heo thịt'!C32) -> 0 | F32: =SUMIFS('Heo thịt_Nhập dữ liệu hàng ngày'!$AC:$AC,'Heo thịt_Nhập dữ liệu hàng ngày'!$M:$M,'Theo dõi khách hàng heo thịt'!C32) -> 0 | G32: =SUMIFS('Heo thịt_Nhập dữ liệu hàng ngày'!$AD:$AD,'Heo thịt_Nhập dữ liệu hàng ngày'!$M:$M,'Theo dõi khách hàng heo thịt'!C32) -> 0 | H32: =+G32-F32 -> 0 | I32: =+ABS(H32) -> 0 | J32: =+IF(I32>500000,"check","-") -> - | L32: =+H32*(-1) -> 0 | P32: Vĩnh Phúc Nái | Q32: =IFERROR(SUMIFS('Heo thịt_Nhập dữ liệu hàng ngày'!$U:$U,'Heo thịt_Nhập dữ liệu hàng ngày'!$L:$L,'Theo dõi khách hàng heo thịt'!P32,'Heo thịt_Nhập dữ liệu hàng ngày'!$M:$M,'Theo dõi khách hàng heo thịt'!$N$31),"-") -> 0 | R32: =IFERROR(SUMIFS('Heo thịt_Nhập dữ liệu hàng ngày'!$AB:$AB,'Heo thịt_Nhập dữ liệu hàng ngày'!$L:$L,'Theo dõi khách hàng heo thịt'!P32,'Heo thịt_Nhập dữ liệu hàng ngày'!$M:$M,'Theo dõi khách hàng heo thịt'!$N$31),"-") -> 0 | S32: =IFERROR(SUMIFS('Heo thịt_Nhập dữ liệu hàng ngày'!$AC:$AC,'Heo thịt_Nhập dữ liệu hàng ngày'!$L:$L,'Theo dõi khách hàng heo thịt'!P32,'Heo thịt_Nhập dữ liệu hàng ngày'!$M:$M,'Theo dõi khách hàng heo thịt'!$N$31),"-") -> 0 | T32: =IFERROR(SUMIFS('Heo thịt_Nhập dữ liệu hàng ngày'!$AD:$AD,'Heo thịt_Nhập dữ liệu hàng ngày'!$L:$L,'Theo dõi khách hàng heo thịt'!P32,'Heo thịt_Nhập dữ liệu hàng ngày'!$M:$M,'Theo dõi khách hàng heo thịt'!$N$31),"-") -> 0 | U32: =IFERROR(+T32-S32,"-") -> 0
B33: 29 | C33: =IFERROR(Data!C32,"") -> 0 | D33: =SUMIFS('Heo thịt_Nhập dữ liệu hàng ngày'!$U:$U,'Heo thịt_Nhập dữ liệu hàng ngày'!$M:$M,'Theo dõi khách hàng heo thịt'!C33) -> 0 | E33: =SUMIFS('Heo thịt_Nhập dữ liệu hàng ngày'!$AB:$AB,'Heo thịt_Nhập dữ liệu hàng ngày'!$M:$M,'Theo dõi khách hàng heo thịt'!C33) -> 0 | F33: =SUMIFS('Heo thịt_Nhập dữ liệu hàng ngày'!$AC:$AC,'Heo thịt_Nhập dữ liệu hàng ngày'!$M:$M,'Theo dõi khách hàng heo thịt'!C33) -> 0 | G33: =SUMIFS('Heo thịt_Nhập dữ liệu hàng ngày'!$AD:$AD,'Heo thịt_Nhập dữ liệu hàng ngày'!$M:$M,'Theo dõi khách hàng heo thịt'!C33) -> 0 | H33: =+G33-F33 -> 0 | I33: =+ABS(H33) -> 0 | J33: =+IF(I33>500000,"check","-") -> - | L33: =+H33*(-1) -> 0 | P33: Phú Xuyên | Q33: =IFERROR(SUMIFS('Heo thịt_Nhập dữ liệu hàng ngày'!$U:$U,'Heo thịt_Nhập dữ liệu hàng ngày'!$L:$L,'Theo dõi khách hàng heo thịt'!P33,'Heo thịt_Nhập dữ liệu hàng ngày'!$M:$M,'Theo dõi khách hàng heo thịt'!$N$31),"-") -> 0 | R33: =IFERROR(SUMIFS('Heo thịt_Nhập dữ liệu hàng ngày'!$AB:$AB,'Heo thịt_Nhập dữ liệu hàng ngày'!$L:$L,'Theo dõi khách hàng heo thịt'!P33,'Heo thịt_Nhập dữ liệu hàng ngày'!$M:$M,'Theo dõi khách hàng heo thịt'!$N$31),"-") -> 0 | S33: =IFERROR(SUMIFS('Heo thịt_Nhập dữ liệu hàng ngày'!$AC:$AC,'Heo thịt_Nhập dữ liệu hàng ngày'!$L:$L,'Theo dõi khách hàng heo thịt'!P33,'Heo thịt_Nhập dữ liệu hàng ngày'!$M:$M,'Theo dõi khách hàng heo thịt'!$N$31),"-") -> 0 | T33: =IFERROR(SUMIFS('Heo thịt_Nhập dữ liệu hàng ngày'!$AD:$AD,'Heo thịt_Nhập dữ liệu hàng ngày'!$L:$L,'Theo dõi khách hàng heo thịt'!P33,'Heo thịt_Nhập dữ liệu hàng ngày'!$M:$M,'Theo dõi khách hàng heo thịt'!$N$31),"-") -> 0 | U33: =IFERROR(+T33-S33,"-") -> 0
B34: 30 | C34: =IFERROR(Data!C33,"") -> 0 | D34: =SUMIFS('Heo thịt_Nhập dữ liệu hàng ngày'!$U:$U,'Heo thịt_Nhập dữ liệu hàng ngày'!$M:$M,'Theo dõi khách hàng heo thịt'!C34) -> 0 | E34: =SUMIFS('Heo thịt_Nhập dữ liệu hàng ngày'!$AB:$AB,'Heo thịt_Nhập dữ liệu hàng ngày'!$M:$M,'Theo dõi khách hàng heo thịt'!C34) -> 0 | F34: =SUMIFS('Heo thịt_Nhập dữ liệu hàng ngày'!$AC:$AC,'Heo thịt_Nhập dữ liệu hàng ngày'!$M:$M,'Theo dõi khách hàng heo thịt'!C34) -> 0 | G34: =SUMIFS('Heo thịt_Nhập dữ liệu hàng ngày'!$AD:$AD,'Heo thịt_Nhập dữ liệu hàng ngày'!$M:$M,'Theo dõi khách hàng heo thịt'!C34) -> 0 | H34: =+G34-F34 -> 0 | I34: =+ABS(H34) -> 0 | J34: =+IF(I34>500000,"check","-") -> - | K34: Kiểm tra thanh toán 1/9 | L34: =+H34*(-1) -> 0 | P34: Bắc Giang Thịt | Q34: =IFERROR(SUMIFS('Heo thịt_Nhập dữ liệu hàng ngày'!$U:$U,'Heo thịt_Nhập dữ liệu hàng ngày'!$L:$L,'Theo dõi khách hàng heo thịt'!P34,'Heo thịt_Nhập dữ liệu hàng ngày'!$M:$M,'Theo dõi khách hàng heo thịt'!$N$31),"-") -> 0 | R34: =IFERROR(SUMIFS('Heo thịt_Nhập dữ liệu hàng ngày'!$AB:$AB,'Heo thịt_Nhập dữ liệu hàng ngày'!$L:$L,'Theo dõi khách hàng heo thịt'!P34,'Heo thịt_Nhập dữ liệu hàng ngày'!$M:$M,'Theo dõi khách hàng heo thịt'!$N$31),"-") -> 0 | S34: =IFERROR(SUMIFS('Heo thịt_Nhập dữ liệu hàng ngày'!$AC:$AC,'Heo thịt_Nhập dữ liệu hàng ngày'!$L:$L,'Theo dõi khách hàng heo thịt'!P34,'Heo thịt_Nhập dữ liệu hàng ngày'!$M:$M,'Theo dõi khách hàng heo thịt'!$N$31),"-") -> 0 | T34: =IFERROR(SUMIFS('Heo thịt_Nhập dữ liệu hàng ngày'!$AD:$AD,'Heo thịt_Nhập dữ liệu hàng ngày'!$L:$L,'Theo dõi khách hàng heo thịt'!P34,'Heo thịt_Nhập dữ liệu hàng ngày'!$M:$M,'Theo dõi khách hàng heo thịt'!$N$31),"-") -> 0 | U34: =IFERROR(+T34-S34,"-") -> 0
B35: 31 | C35: =IFERROR(Data!C34,"") -> 0 | D35: =SUMIFS('Heo thịt_Nhập dữ liệu hàng ngày'!$U:$U,'Heo thịt_Nhập dữ liệu hàng ngày'!$M:$M,'Theo dõi khách hàng heo thịt'!C35) -> 0 | E35: =SUMIFS('Heo thịt_Nhập dữ liệu hàng ngày'!$AB:$AB,'Heo thịt_Nhập dữ liệu hàng ngày'!$M:$M,'Theo dõi khách hàng heo thịt'!C35) -> 0 | F35: =SUMIFS('Heo thịt_Nhập dữ liệu hàng ngày'!$AC:$AC,'Heo thịt_Nhập dữ liệu hàng ngày'!$M:$M,'Theo dõi khách hàng heo thịt'!C35) -> 0 | G35: =SUMIFS('Heo thịt_Nhập dữ liệu hàng ngày'!$AD:$AD,'Heo thịt_Nhập dữ liệu hàng ngày'!$M:$M,'Theo dõi khách hàng heo thịt'!C35) -> 0 | H35: =+G35-F35 -> 0 | I35: =+ABS(H35) -> 0 | J35: =+IF(I35>500000,"check","-") -> - | L35: =+H35*(-1) -> 0 | P35: Bắc Giang Nái | Q35: =IFERROR(SUMIFS('Heo thịt_Nhập dữ liệu hàng ngày'!$U:$U,'Heo thịt_Nhập dữ liệu hàng ngày'!$L:$L,'Theo dõi khách hàng heo thịt'!P35,'Heo thịt_Nhập dữ liệu hàng ngày'!$M:$M,'Theo dõi khách hàng heo thịt'!$N$31),"-") -> 0 | R35: =IFERROR(SUMIFS('Heo thịt_Nhập dữ liệu hàng ngày'!$AB:$AB,'Heo thịt_Nhập dữ liệu hàng ngày'!$L:$L,'Theo dõi khách hàng heo thịt'!P35,'Heo thịt_Nhập dữ liệu hàng ngày'!$M:$M,'Theo dõi khách hàng heo thịt'!$N$31),"-") -> 0 | S35: =IFERROR(SUMIFS('Heo thịt_Nhập dữ liệu hàng ngày'!$AC:$AC,'Heo thịt_Nhập dữ liệu hàng ngày'!$L:$L,'Theo dõi khách hàng heo thịt'!P35,'Heo thịt_Nhập dữ liệu hàng ngày'!$M:$M,'Theo dõi khách hàng heo thịt'!$N$31),"-") -> 0 | T35: =IFERROR(SUMIFS('Heo thịt_Nhập dữ liệu hàng ngày'!$AD:$AD,'Heo thịt_Nhập dữ liệu hàng ngày'!$L:$L,'Theo dõi khách hàng heo thịt'!P35,'Heo thịt_Nhập dữ liệu hàng ngày'!$M:$M,'Theo dõi khách hàng heo thịt'!$N$31),"-") -> 0 | U35: =IFERROR(+T35-S35,"-") -> 0
B36: 32 | C36: =IFERROR(Data!C35,"") -> 0 | D36: =SUMIFS('Heo thịt_Nhập dữ liệu hàng ngày'!$U:$U,'Heo thịt_Nhập dữ liệu hàng ngày'!$M:$M,'Theo dõi khách hàng heo thịt'!C36) -> 0 | E36: =SUMIFS('Heo thịt_Nhập dữ liệu hàng ngày'!$AB:$AB,'Heo thịt_Nhập dữ liệu hàng ngày'!$M:$M,'Theo dõi khách hàng heo thịt'!C36) -> 0 | F36: =SUMIFS('Heo thịt_Nhập dữ liệu hàng ngày'!$AC:$AC,'Heo thịt_Nhập dữ liệu hàng ngày'!$M:$M,'Theo dõi khách hàng heo thịt'!C36) -> 0 | G36: =SUMIFS('Heo thịt_Nhập dữ liệu hàng ngày'!$AD:$AD,'Heo thịt_Nhập dữ liệu hàng ngày'!$M:$M,'Theo dõi khách hàng heo thịt'!C36) -> 0 | H36: =+G36-F36 -> 0 | I36: =+ABS(H36) -> 0 | J36: =+IF(I36>500000,"check","-") -> - | L36: =+H36*(-1) -> 0 | P36: Phú Thọ | Q36: =IFERROR(SUMIFS('Heo thịt_Nhập dữ liệu hàng ngày'!$U:$U,'Heo thịt_Nhập dữ liệu hàng ngày'!$L:$L,'Theo dõi khách hàng heo thịt'!P36,'Heo thịt_Nhập dữ liệu hàng ngày'!$M:$M,'Theo dõi khách hàng heo thịt'!$N$31),"-") -> 0 | R36: =IFERROR(SUMIFS('Heo thịt_Nhập dữ liệu hàng ngày'!$AB:$AB,'Heo thịt_Nhập dữ liệu hàng ngày'!$L:$L,'Theo dõi khách hàng heo thịt'!P36,'Heo thịt_Nhập dữ liệu hàng ngày'!$M:$M,'Theo dõi khách hàng heo thịt'!$N$31),"-") -> 0 | S36: =IFERROR(SUMIFS('Heo thịt_Nhập dữ liệu hàng ngày'!$AC:$AC,'Heo thịt_Nhập dữ liệu hàng ngày'!$L:$L,'Theo dõi khách hàng heo thịt'!P36,'Heo thịt_Nhập dữ liệu hàng ngày'!$M:$M,'Theo dõi khách hàng heo thịt'!$N$31),"-") -> 0 | T36: =IFERROR(SUMIFS('Heo thịt_Nhập dữ liệu hàng ngày'!$AD:$AD,'Heo thịt_Nhập dữ liệu hàng ngày'!$L:$L,'Theo dõi khách hàng heo thịt'!P36,'Heo thịt_Nhập dữ liệu hàng ngày'!$M:$M,'Theo dõi khách hàng heo thịt'!$N$31),"-") -> 0 | U36: =IFERROR(+T36-S36,"-") -> 0
B37: 33 | C37: =IFERROR(Data!C36,"") -> 0 | D37: =SUMIFS('Heo thịt_Nhập dữ liệu hàng ngày'!$U:$U,'Heo thịt_Nhập dữ liệu hàng ngày'!$M:$M,'Theo dõi khách hàng heo thịt'!C37) -> 0 | E37: =SUMIFS('Heo thịt_Nhập dữ liệu hàng ngày'!$AB:$AB,'Heo thịt_Nhập dữ liệu hàng ngày'!$M:$M,'Theo dõi khách hàng heo thịt'!C37) -> 0 | F37: =SUMIFS('Heo thịt_Nhập dữ liệu hàng ngày'!$AC:$AC,'Heo thịt_Nhập dữ liệu hàng ngày'!$M:$M,'Theo dõi khách hàng heo thịt'!C37) -> 0 | G37: =SUMIFS('Heo thịt_Nhập dữ liệu hàng ngày'!$AD:$AD,'Heo thịt_Nhập dữ liệu hàng ngày'!$M:$M,'Theo dõi khách hàng heo thịt'!C37) -> 0 | H37: =+G37-F37 -> 0 | I37: =+ABS(H37) -> 0 | J37: =+IF(I37>500000,"check","-") -> - | L37: =+H37*(-1) -> 0 | P37: Phú Thọ 2 | Q37: =IFERROR(SUMIFS('Heo thịt_Nhập dữ liệu hàng ngày'!$U:$U,'Heo thịt_Nhập dữ liệu hàng ngày'!$L:$L,'Theo dõi khách hàng heo thịt'!P37,'Heo thịt_Nhập dữ liệu hàng ngày'!$M:$M,'Theo dõi khách hàng heo thịt'!$N$31),"-") -> 0 | R37: =IFERROR(SUMIFS('Heo thịt_Nhập dữ liệu hàng ngày'!$AB:$AB,'Heo thịt_Nhập dữ liệu hàng ngày'!$L:$L,'Theo dõi khách hàng heo thịt'!P37,'Heo thịt_Nhập dữ liệu hàng ngày'!$M:$M,'Theo dõi khách hàng heo thịt'!$N$31),"-") -> 0 | S37: =IFERROR(SUMIFS('Heo thịt_Nhập dữ liệu hàng ngày'!$AC:$AC,'Heo thịt_Nhập dữ liệu hàng ngày'!$L:$L,'Theo dõi khách hàng heo thịt'!P37,'Heo thịt_Nhập dữ liệu hàng ngày'!$M:$M,'Theo dõi khách hàng heo thịt'!$N$31),"-") -> 0 | T37: =IFERROR(SUMIFS('Heo thịt_Nhập dữ liệu hàng ngày'!$AD:$AD,'Heo thịt_Nhập dữ liệu hàng ngày'!$L:$L,'Theo dõi khách hàng heo thịt'!P37,'Heo thịt_Nhập dữ liệu hàng ngày'!$M:$M,'Theo dõi khách hàng heo thịt'!$N$31),"-") -> 0 | U37: =IFERROR(+T37-S37,"-") -> 0
B38: 34 | C38: =IFERROR(Data!C37,"") -> 0 | D38: =SUMIFS('Heo thịt_Nhập dữ liệu hàng ngày'!$U:$U,'Heo thịt_Nhập dữ liệu hàng ngày'!$M:$M,'Theo dõi khách hàng heo thịt'!C38) -> 0 | E38: =SUMIFS('Heo thịt_Nhập dữ liệu hàng ngày'!$AB:$AB,'Heo thịt_Nhập dữ liệu hàng ngày'!$M:$M,'Theo dõi khách hàng heo thịt'!C38) -> 0 | F38: =SUMIFS('Heo thịt_Nhập dữ liệu hàng ngày'!$AC:$AC,'Heo thịt_Nhập dữ liệu hàng ngày'!$M:$M,'Theo dõi khách hàng heo thịt'!C38) -> 0 | G38: =SUMIFS('Heo thịt_Nhập dữ liệu hàng ngày'!$AD:$AD,'Heo thịt_Nhập dữ liệu hàng ngày'!$M:$M,'Theo dõi khách hàng heo thịt'!C38) -> 0 | H38: =+G38-F38 -> 0 | I38: =+ABS(H38) -> 0 | J38: =+IF(I38>500000,"check","-") -> - | L38: =+H38*(-1) -> 0 | P38: Yên Bái | Q38: =IFERROR(SUMIFS('Heo thịt_Nhập dữ liệu hàng ngày'!$U:$U,'Heo thịt_Nhập dữ liệu hàng ngày'!$L:$L,'Theo dõi khách hàng heo thịt'!P38,'Heo thịt_Nhập dữ liệu hàng ngày'!$M:$M,'Theo dõi khách hàng heo thịt'!$N$31),"-") -> 972000000 | R38: =IFERROR(SUMIFS('Heo thịt_Nhập dữ liệu hàng ngày'!$AB:$AB,'Heo thịt_Nhập dữ liệu hàng ngày'!$L:$L,'Theo dõi khách hàng heo thịt'!P38,'Heo thịt_Nhập dữ liệu hàng ngày'!$M:$M,'Theo dõi khách hàng heo thịt'!$N$31),"-") -> 0 | S38: =IFERROR(SUMIFS('Heo thịt_Nhập dữ liệu hàng ngày'!$AC:$AC,'Heo thịt_Nhập dữ liệu hàng ngày'!$L:$L,'Theo dõi khách hàng heo thịt'!P38,'Heo thịt_Nhập dữ liệu hàng ngày'!$M:$M,'Theo dõi khách hàng heo thịt'!$N$31),"-") -> 972000000 | T38: =IFERROR(SUMIFS('Heo thịt_Nhập dữ liệu hàng ngày'!$AD:$AD,'Heo thịt_Nhập dữ liệu hàng ngày'!$L:$L,'Theo dõi khách hàng heo thịt'!P38,'Heo thịt_Nhập dữ liệu hàng ngày'!$M:$M,'Theo dõi khách hàng heo thịt'!$N$31),"-") -> 0 | U38: =IFERROR(+T38-S38,"-") -> -972000000
B39: 35 | C39: =IFERROR(Data!C38,"") -> 0 | D39: =SUMIFS('Heo thịt_Nhập dữ liệu hàng ngày'!$U:$U,'Heo thịt_Nhập dữ liệu hàng ngày'!$M:$M,'Theo dõi khách hàng heo thịt'!C39) -> 0 | E39: =SUMIFS('Heo thịt_Nhập dữ liệu hàng ngày'!$AB:$AB,'Heo thịt_Nhập dữ liệu hàng ngày'!$M:$M,'Theo dõi khách hàng heo thịt'!C39) -> 0 | F39: =SUMIFS('Heo thịt_Nhập dữ liệu hàng ngày'!$AC:$AC,'Heo thịt_Nhập dữ liệu hàng ngày'!$M:$M,'Theo dõi khách hàng heo thịt'!C39) -> 0 | G39: =SUMIFS('Heo thịt_Nhập dữ liệu hàng ngày'!$AD:$AD,'Heo thịt_Nhập dữ liệu hàng ngày'!$M:$M,'Theo dõi khách hàng heo thịt'!C39) -> 0 | H39: =+G39-F39 -> 0 | I39: =+ABS(H39) -> 0 | J39: =+IF(I39>500000,"check","-") -> - | L39: =+H39*(-1) -> 0 | P39: Lục Nam | Q39: =IFERROR(SUMIFS('Heo thịt_Nhập dữ liệu hàng ngày'!$U:$U,'Heo thịt_Nhập dữ liệu hàng ngày'!$L:$L,'Theo dõi khách hàng heo thịt'!P39,'Heo thịt_Nhập dữ liệu hàng ngày'!$M:$M,'Theo dõi khách hàng heo thịt'!$N$31),"-") -> 0 | R39: =IFERROR(SUMIFS('Heo thịt_Nhập dữ liệu hàng ngày'!$AB:$AB,'Heo thịt_Nhập dữ liệu hàng ngày'!$L:$L,'Theo dõi khách hàng heo thịt'!P39,'Heo thịt_Nhập dữ liệu hàng ngày'!$M:$M,'Theo dõi khách hàng heo thịt'!$N$31),"-") -> 0 | S39: =IFERROR(SUMIFS('Heo thịt_Nhập dữ liệu hàng ngày'!$AC:$AC,'Heo thịt_Nhập dữ liệu hàng ngày'!$L:$L,'Theo dõi khách hàng heo thịt'!P39,'Heo thịt_Nhập dữ liệu hàng ngày'!$M:$M,'Theo dõi khách hàng heo thịt'!$N$31),"-") -> 0 | T39: =IFERROR(SUMIFS('Heo thịt_Nhập dữ liệu hàng ngày'!$AD:$AD,'Heo thịt_Nhập dữ liệu hàng ngày'!$L:$L,'Theo dõi khách hàng heo thịt'!P39,'Heo thịt_Nhập dữ liệu hàng ngày'!$M:$M,'Theo dõi khách hàng heo thịt'!$N$31),"-") -> 0 | U39: =IFERROR(+T39-S39,"-") -> 0
B40: 36 | C40: =IFERROR(Data!C39,"") -> 0 | D40: =SUMIFS('Heo thịt_Nhập dữ liệu hàng ngày'!$U:$U,'Heo thịt_Nhập dữ liệu hàng ngày'!$M:$M,'Theo dõi khách hàng heo thịt'!C40) -> 0 | E40: =SUMIFS('Heo thịt_Nhập dữ liệu hàng ngày'!$AB:$AB,'Heo thịt_Nhập dữ liệu hàng ngày'!$M:$M,'Theo dõi khách hàng heo thịt'!C40) -> 0 | F40: =SUMIFS('Heo thịt_Nhập dữ liệu hàng ngày'!$AC:$AC,'Heo thịt_Nhập dữ liệu hàng ngày'!$M:$M,'Theo dõi khách hàng heo thịt'!C40) -> 0 | G40: =SUMIFS('Heo thịt_Nhập dữ liệu hàng ngày'!$AD:$AD,'Heo thịt_Nhập dữ liệu hàng ngày'!$M:$M,'Theo dõi khách hàng heo thịt'!C40) -> 0 | H40: =+G40-F40 -> 0 | I40: =+ABS(H40) -> 0 | J40: =+IF(I40>500000,"check","-") -> - | K40: Thiếu 1/9 | L40: =+H40*(-1) -> 0 | P40: Lục Ngạn | Q40: =IFERROR(SUMIFS('Heo thịt_Nhập dữ liệu hàng ngày'!$U:$U,'Heo thịt_Nhập dữ liệu hàng ngày'!$L:$L,'Theo dõi khách hàng heo thịt'!P40,'Heo thịt_Nhập dữ liệu hàng ngày'!$M:$M,'Theo dõi khách hàng heo thịt'!$N$31),"-") -> 0 | R40: =IFERROR(SUMIFS('Heo thịt_Nhập dữ liệu hàng ngày'!$AB:$AB,'Heo thịt_Nhập dữ liệu hàng ngày'!$L:$L,'Theo dõi khách hàng heo thịt'!P40,'Heo thịt_Nhập dữ liệu hàng ngày'!$M:$M,'Theo dõi khách hàng heo thịt'!$N$31),"-") -> 0 | S40: =IFERROR(SUMIFS('Heo thịt_Nhập dữ liệu hàng ngày'!$AC:$AC,'Heo thịt_Nhập dữ liệu hàng ngày'!$L:$L,'Theo dõi khách hàng heo thịt'!P40,'Heo thịt_Nhập dữ liệu hàng ngày'!$M:$M,'Theo dõi khách hàng heo thịt'!$N$31),"-") -> 0 | T40: =IFERROR(SUMIFS('Heo thịt_Nhập dữ liệu hàng ngày'!$AD:$AD,'Heo thịt_Nhập dữ liệu hàng ngày'!$L:$L,'Theo dõi khách hàng heo thịt'!P40,'Heo thịt_Nhập dữ liệu hàng ngày'!$M:$M,'Theo dõi khách hàng heo thịt'!$N$31),"-") -> 0 | U40: =IFERROR(+T40-S40,"-") -> 0
B41: 37 | C41: =IFERROR(Data!C40,"") -> 0 | D41: =SUMIFS('Heo thịt_Nhập dữ liệu hàng ngày'!$U:$U,'Heo thịt_Nhập dữ liệu hàng ngày'!$M:$M,'Theo dõi khách hàng heo thịt'!C41) -> 0 | E41: =SUMIFS('Heo thịt_Nhập dữ liệu hàng ngày'!$AB:$AB,'Heo thịt_Nhập dữ liệu hàng ngày'!$M:$M,'Theo dõi khách hàng heo thịt'!C41) -> 0 | F41: =SUMIFS('Heo thịt_Nhập dữ liệu hàng ngày'!$AC:$AC,'Heo thịt_Nhập dữ liệu hàng ngày'!$M:$M,'Theo dõi khách hàng heo thịt'!C41) -> 0 | G41: =SUMIFS('Heo thịt_Nhập dữ liệu hàng ngày'!$AD:$AD,'Heo thịt_Nhập dữ liệu hàng ngày'!$M:$M,'Theo dõi khách hàng heo thịt'!C41) -> 0 | H41: =+G41-F41 -> 0 | I41: =+ABS(H41) -> 0 | J41: =+IF(I41>500000,"check","-") -> - | L41: =+H41*(-1) -> 0 | P41: Tiger Thái Nguyên | Q41: =IFERROR(SUMIFS('Heo thịt_Nhập dữ liệu hàng ngày'!$U:$U,'Heo thịt_Nhập dữ liệu hàng ngày'!$L:$L,'Theo dõi khách hàng heo thịt'!P41,'Heo thịt_Nhập dữ liệu hàng ngày'!$M:$M,'Theo dõi khách hàng heo thịt'!$N$31),"-") -> 0 | R41: =IFERROR(SUMIFS('Heo thịt_Nhập dữ liệu hàng ngày'!$AB:$AB,'Heo thịt_Nhập dữ liệu hàng ngày'!$L:$L,'Theo dõi khách hàng heo thịt'!P41,'Heo thịt_Nhập dữ liệu hàng ngày'!$M:$M,'Theo dõi khách hàng heo thịt'!$N$31),"-") -> 0 | S41: =IFERROR(SUMIFS('Heo thịt_Nhập dữ liệu hàng ngày'!$AC:$AC,'Heo thịt_Nhập dữ liệu hàng ngày'!$L:$L,'Theo dõi khách hàng heo thịt'!P41,'Heo thịt_Nhập dữ liệu hàng ngày'!$M:$M,'Theo dõi khách hàng heo thịt'!$N$31),"-") -> 0 | T41: =IFERROR(SUMIFS('Heo thịt_Nhập dữ liệu hàng ngày'!$AD:$AD,'Heo thịt_Nhập dữ liệu hàng ngày'!$L:$L,'Theo dõi khách hàng heo thịt'!P41,'Heo thịt_Nhập dữ liệu hàng ngày'!$M:$M,'Theo dõi khách hàng heo thịt'!$N$31),"-") -> 0 | U41: =IFERROR(+T41-S41,"-") -> 0
B42: 38 | C42: =IFERROR(Data!C41,"") -> 0 | D42: =SUMIFS('Heo thịt_Nhập dữ liệu hàng ngày'!$U:$U,'Heo thịt_Nhập dữ liệu hàng ngày'!$M:$M,'Theo dõi khách hàng heo thịt'!C42) -> 0 | E42: =SUMIFS('Heo thịt_Nhập dữ liệu hàng ngày'!$AB:$AB,'Heo thịt_Nhập dữ liệu hàng ngày'!$M:$M,'Theo dõi khách hàng heo thịt'!C42) -> 0 | F42: =SUMIFS('Heo thịt_Nhập dữ liệu hàng ngày'!$AC:$AC,'Heo thịt_Nhập dữ liệu hàng ngày'!$M:$M,'Theo dõi khách hàng heo thịt'!C42) -> 0 | G42: =SUMIFS('Heo thịt_Nhập dữ liệu hàng ngày'!$AD:$AD,'Heo thịt_Nhập dữ liệu hàng ngày'!$M:$M,'Theo dõi khách hàng heo thịt'!C42) -> 0 | H42: =+G42-F42 -> 0 | I42: =+ABS(H42) -> 0 | J42: =+IF(I42>500000,"check","-") -> - | L42: =+H42*(-1) -> 0 | P42: Tiger Phú Thọ 3 (Thanh Sơn) | Q42: =IFERROR(SUMIFS('Heo thịt_Nhập dữ liệu hàng ngày'!$U:$U,'Heo thịt_Nhập dữ liệu hàng ngày'!$L:$L,'Theo dõi khách hàng heo thịt'!P42,'Heo thịt_Nhập dữ liệu hàng ngày'!$M:$M,'Theo dõi khách hàng heo thịt'!$N$31),"-") -> 0 | R42: =IFERROR(SUMIFS('Heo thịt_Nhập dữ liệu hàng ngày'!$AB:$AB,'Heo thịt_Nhập dữ liệu hàng ngày'!$L:$L,'Theo dõi khách hàng heo thịt'!P42,'Heo thịt_Nhập dữ liệu hàng ngày'!$M:$M,'Theo dõi khách hàng heo thịt'!$N$31),"-") -> 0 | S42: =IFERROR(SUMIFS('Heo thịt_Nhập dữ liệu hàng ngày'!$AC:$AC,'Heo thịt_Nhập dữ liệu hàng ngày'!$L:$L,'Theo dõi khách hàng heo thịt'!P42,'Heo thịt_Nhập dữ liệu hàng ngày'!$M:$M,'Theo dõi khách hàng heo thịt'!$N$31),"-") -> 0 | T42: =IFERROR(SUMIFS('Heo thịt_Nhập dữ liệu hàng ngày'!$AD:$AD,'Heo thịt_Nhập dữ liệu hàng ngày'!$L:$L,'Theo dõi khách hàng heo thịt'!P42,'Heo thịt_Nhập dữ liệu hàng ngày'!$M:$M,'Theo dõi khách hàng heo thịt'!$N$31),"-") -> 0 | U42: =IFERROR(+T42-S42,"-") -> 0
B43: 39 | C43: =IFERROR(Data!C42,"") -> 0 | D43: =SUMIFS('Heo thịt_Nhập dữ liệu hàng ngày'!$U:$U,'Heo thịt_Nhập dữ liệu hàng ngày'!$M:$M,'Theo dõi khách hàng heo thịt'!C43) -> 0 | E43: =SUMIFS('Heo thịt_Nhập dữ liệu hàng ngày'!$AB:$AB,'Heo thịt_Nhập dữ liệu hàng ngày'!$M:$M,'Theo dõi khách hàng heo thịt'!C43) -> 0 | F43: =SUMIFS('Heo thịt_Nhập dữ liệu hàng ngày'!$AC:$AC,'Heo thịt_Nhập dữ liệu hàng ngày'!$M:$M,'Theo dõi khách hàng heo thịt'!C43) -> 0 | G43: =SUMIFS('Heo thịt_Nhập dữ liệu hàng ngày'!$AD:$AD,'Heo thịt_Nhập dữ liệu hàng ngày'!$M:$M,'Theo dõi khách hàng heo thịt'!C43) -> 0 | H43: =+G43-F43 -> 0 | I43: =+ABS(H43) -> 0 | J43: =+IF(I43>500000,"check","-") -> - | L43: =+H43*(-1) -> 0 | P43: Tiger Thái Nguyên(Đồng Hỷ) | Q43: =IFERROR(SUMIFS('Heo thịt_Nhập dữ liệu hàng ngày'!$U:$U,'Heo thịt_Nhập dữ liệu hàng ngày'!$L:$L,'Theo dõi khách hàng heo thịt'!P43,'Heo thịt_Nhập dữ liệu hàng ngày'!$M:$M,'Theo dõi khách hàng heo thịt'!$N$31),"-") -> 0 | R43: =IFERROR(SUMIFS('Heo thịt_Nhập dữ liệu hàng ngày'!$AB:$AB,'Heo thịt_Nhập dữ liệu hàng ngày'!$L:$L,'Theo dõi khách hàng heo thịt'!P43,'Heo thịt_Nhập dữ liệu hàng ngày'!$M:$M,'Theo dõi khách hàng heo thịt'!$N$31),"-") -> 0 | S43: =IFERROR(SUMIFS('Heo thịt_Nhập dữ liệu hàng ngày'!$AC:$AC,'Heo thịt_Nhập dữ liệu hàng ngày'!$L:$L,'Theo dõi khách hàng heo thịt'!P43,'Heo thịt_Nhập dữ liệu hàng ngày'!$M:$M,'Theo dõi khách hàng heo thịt'!$N$31),"-") -> 0 | T43: =IFERROR(SUMIFS('Heo thịt_Nhập dữ liệu hàng ngày'!$AD:$AD,'Heo thịt_Nhập dữ liệu hàng ngày'!$L:$L,'Theo dõi khách hàng heo thịt'!P43,'Heo thịt_Nhập dữ liệu hàng ngày'!$M:$M,'Theo dõi khách hàng heo thịt'!$N$31),"-") -> 0 | U43: =IFERROR(+T43-S43,"-") -> 0
B44: 40 | C44: =IFERROR(Data!C43,"") -> 0 | D44: =SUMIFS('Heo thịt_Nhập dữ liệu hàng ngày'!$U:$U,'Heo thịt_Nhập dữ liệu hàng ngày'!$M:$M,'Theo dõi khách hàng heo thịt'!C44) -> 0 | E44: =SUMIFS('Heo thịt_Nhập dữ liệu hàng ngày'!$AB:$AB,'Heo thịt_Nhập dữ liệu hàng ngày'!$M:$M,'Theo dõi khách hàng heo thịt'!C44) -> 0 | F44: =SUMIFS('Heo thịt_Nhập dữ liệu hàng ngày'!$AC:$AC,'Heo thịt_Nhập dữ liệu hàng ngày'!$M:$M,'Theo dõi khách hàng heo thịt'!C44) -> 0 | G44: =SUMIFS('Heo thịt_Nhập dữ liệu hàng ngày'!$AD:$AD,'Heo thịt_Nhập dữ liệu hàng ngày'!$M:$M,'Theo dõi khách hàng heo thịt'!C44) -> 0 | H44: =+G44-F44 -> 0 | I44: =+ABS(H44) -> 0 | J44: =+IF(I44>500000,"check","-") -> - | L44: =+H44*(-1) -> 0 | P44: Tiger Thanh Hóa | Q44: =IFERROR(SUMIFS('Heo thịt_Nhập dữ liệu hàng ngày'!$U:$U,'Heo thịt_Nhập dữ liệu hàng ngày'!$L:$L,'Theo dõi khách hàng heo thịt'!P44,'Heo thịt_Nhập dữ liệu hàng ngày'!$M:$M,'Theo dõi khách hàng heo thịt'!$N$31),"-") -> 0 | R44: =IFERROR(SUMIFS('Heo thịt_Nhập dữ liệu hàng ngày'!$AB:$AB,'Heo thịt_Nhập dữ liệu hàng ngày'!$L:$L,'Theo dõi khách hàng heo thịt'!P44,'Heo thịt_Nhập dữ liệu hàng ngày'!$M:$M,'Theo dõi khách hàng heo thịt'!$N$31),"-") -> 0 | S44: =IFERROR(SUMIFS('Heo thịt_Nhập dữ liệu hàng ngày'!$AC:$AC,'Heo thịt_Nhập dữ liệu hàng ngày'!$L:$L,'Theo dõi khách hàng heo thịt'!P44,'Heo thịt_Nhập dữ liệu hàng ngày'!$M:$M,'Theo dõi khách hàng heo thịt'!$N$31),"-") -> 0 | T44: =IFERROR(SUMIFS('Heo thịt_Nhập dữ liệu hàng ngày'!$AD:$AD,'Heo thịt_Nhập dữ liệu hàng ngày'!$L:$L,'Theo dõi khách hàng heo thịt'!P44,'Heo thịt_Nhập dữ liệu hàng ngày'!$M:$M,'Theo dõi khách hàng heo thịt'!$N$31),"-") -> 0 | U44: =IFERROR(+T44-S44,"-") -> 0
B45: 41 | C45: =IFERROR(Data!C44,"") -> 0 | D45: =SUMIFS('Heo thịt_Nhập dữ liệu hàng ngày'!$U:$U,'Heo thịt_Nhập dữ liệu hàng ngày'!$M:$M,'Theo dõi khách hàng heo thịt'!C45) -> 0 | E45: =SUMIFS('Heo thịt_Nhập dữ liệu hàng ngày'!$AB:$AB,'Heo thịt_Nhập dữ liệu hàng ngày'!$M:$M,'Theo dõi khách hàng heo thịt'!C45) -> 0 | F45: =SUMIFS('Heo thịt_Nhập dữ liệu hàng ngày'!$AC:$AC,'Heo thịt_Nhập dữ liệu hàng ngày'!$M:$M,'Theo dõi khách hàng heo thịt'!C45) -> 0 | G45: =SUMIFS('Heo thịt_Nhập dữ liệu hàng ngày'!$AD:$AD,'Heo thịt_Nhập dữ liệu hàng ngày'!$M:$M,'Theo dõi khách hàng heo thịt'!C45) -> 0 | H45: =+G45-F45 -> 0 | I45: =+ABS(H45) -> 0 | J45: =+IF(I45>500000,"check","-") -> - | L45: =+H45*(-1) -> 0 | P45: Thanh Hóa Nái | Q45: =IFERROR(SUMIFS('Heo thịt_Nhập dữ liệu hàng ngày'!$U:$U,'Heo thịt_Nhập dữ liệu hàng ngày'!$L:$L,'Theo dõi khách hàng heo thịt'!P45,'Heo thịt_Nhập dữ liệu hàng ngày'!$M:$M,'Theo dõi khách hàng heo thịt'!$N$31),"-") -> 0 | R45: =IFERROR(SUMIFS('Heo thịt_Nhập dữ liệu hàng ngày'!$AB:$AB,'Heo thịt_Nhập dữ liệu hàng ngày'!$L:$L,'Theo dõi khách hàng heo thịt'!P45,'Heo thịt_Nhập dữ liệu hàng ngày'!$M:$M,'Theo dõi khách hàng heo thịt'!$N$31),"-") -> 0 | S45: =IFERROR(SUMIFS('Heo thịt_Nhập dữ liệu hàng ngày'!$AC:$AC,'Heo thịt_Nhập dữ liệu hàng ngày'!$L:$L,'Theo dõi khách hàng heo thịt'!P45,'Heo thịt_Nhập dữ liệu hàng ngày'!$M:$M,'Theo dõi khách hàng heo thịt'!$N$31),"-") -> 0 | T45: =IFERROR(SUMIFS('Heo thịt_Nhập dữ liệu hàng ngày'!$AD:$AD,'Heo thịt_Nhập dữ liệu hàng ngày'!$L:$L,'Theo dõi khách hàng heo thịt'!P45,'Heo thịt_Nhập dữ liệu hàng ngày'!$M:$M,'Theo dõi khách hàng heo thịt'!$N$31),"-") -> 0 | U45: =IFERROR(+T45-S45,"-") -> 0
B46: 42 | C46: =IFERROR(Data!C45,"") -> 0 | D46: =SUMIFS('Heo thịt_Nhập dữ liệu hàng ngày'!$U:$U,'Heo thịt_Nhập dữ liệu hàng ngày'!$M:$M,'Theo dõi khách hàng heo thịt'!C46) -> 0 | E46: =SUMIFS('Heo thịt_Nhập dữ liệu hàng ngày'!$AB:$AB,'Heo thịt_Nhập dữ liệu hàng ngày'!$M:$M,'Theo dõi khách hàng heo thịt'!C46) -> 0 | F46: =SUMIFS('Heo thịt_Nhập dữ liệu hàng ngày'!$AC:$AC,'Heo thịt_Nhập dữ liệu hàng ngày'!$M:$M,'Theo dõi khách hàng heo thịt'!C46) -> 0 | G46: =SUMIFS('Heo thịt_Nhập dữ liệu hàng ngày'!$AD:$AD,'Heo thịt_Nhập dữ liệu hàng ngày'!$M:$M,'Theo dõi khách hàng heo thịt'!C46) -> 0 | H46: =+G46-F46 -> 0 | I46: =+ABS(H46) -> 0 | J46: =+IF(I46>500000,"check","-") -> - | L46: =+H46*(-1) -> 0 | P46: Thanh Hóa Thịt | Q46: =IFERROR(SUMIFS('Heo thịt_Nhập dữ liệu hàng ngày'!$U:$U,'Heo thịt_Nhập dữ liệu hàng ngày'!$L:$L,'Theo dõi khách hàng heo thịt'!P46,'Heo thịt_Nhập dữ liệu hàng ngày'!$M:$M,'Theo dõi khách hàng heo thịt'!$N$31),"-") -> 0 | R46: =IFERROR(SUMIFS('Heo thịt_Nhập dữ liệu hàng ngày'!$AB:$AB,'Heo thịt_Nhập dữ liệu hàng ngày'!$L:$L,'Theo dõi khách hàng heo thịt'!P46,'Heo thịt_Nhập dữ liệu hàng ngày'!$M:$M,'Theo dõi khách hàng heo thịt'!$N$31),"-") -> 0 | S46: =IFERROR(SUMIFS('Heo thịt_Nhập dữ liệu hàng ngày'!$AC:$AC,'Heo thịt_Nhập dữ liệu hàng ngày'!$L:$L,'Theo dõi khách hàng heo thịt'!P46,'Heo thịt_Nhập dữ liệu hàng ngày'!$M:$M,'Theo dõi khách hàng heo thịt'!$N$31),"-") -> 0 | T46: =IFERROR(SUMIFS('Heo thịt_Nhập dữ liệu hàng ngày'!$AD:$AD,'Heo thịt_Nhập dữ liệu hàng ngày'!$L:$L,'Theo dõi khách hàng heo thịt'!P46,'Heo thịt_Nhập dữ liệu hàng ngày'!$M:$M,'Theo dõi khách hàng heo thịt'!$N$31),"-") -> 0 | U46: =IFERROR(+T46-S46,"-") -> 0
B47: 43 | C47: =IFERROR(Data!C46,"") -> 0 | D47: =SUMIFS('Heo thịt_Nhập dữ liệu hàng ngày'!$U:$U,'Heo thịt_Nhập dữ liệu hàng ngày'!$M:$M,'Theo dõi khách hàng heo thịt'!C47) -> 0 | E47: =SUMIFS('Heo thịt_Nhập dữ liệu hàng ngày'!$AB:$AB,'Heo thịt_Nhập dữ liệu hàng ngày'!$M:$M,'Theo dõi khách hàng heo thịt'!C47) -> 0 | F47: =SUMIFS('Heo thịt_Nhập dữ liệu hàng ngày'!$AC:$AC,'Heo thịt_Nhập dữ liệu hàng ngày'!$M:$M,'Theo dõi khách hàng heo thịt'!C47) -> 0 | G47: =SUMIFS('Heo thịt_Nhập dữ liệu hàng ngày'!$AD:$AD,'Heo thịt_Nhập dữ liệu hàng ngày'!$M:$M,'Theo dõi khách hàng heo thịt'!C47) -> 0 | H47: =+G47-F47 -> 0 | I47: =+ABS(H47) -> 0 | J47: =+IF(I47>500000,"check","-") -> - | L47: =+H47*(-1) -> 0 | P47: Nái APPE AC | Q47: =IFERROR(SUMIFS('Heo thịt_Nhập dữ liệu hàng ngày'!$U:$U,'Heo thịt_Nhập dữ liệu hàng ngày'!$L:$L,'Theo dõi khách hàng heo thịt'!P47,'Heo thịt_Nhập dữ liệu hàng ngày'!$M:$M,'Theo dõi khách hàng heo thịt'!$N$31),"-") -> 0 | R47: =IFERROR(SUMIFS('Heo thịt_Nhập dữ liệu hàng ngày'!$AB:$AB,'Heo thịt_Nhập dữ liệu hàng ngày'!$L:$L,'Theo dõi khách hàng heo thịt'!P47,'Heo thịt_Nhập dữ liệu hàng ngày'!$M:$M,'Theo dõi khách hàng heo thịt'!$N$31),"-") -> 0 | S47: =IFERROR(SUMIFS('Heo thịt_Nhập dữ liệu hàng ngày'!$AC:$AC,'Heo thịt_Nhập dữ liệu hàng ngày'!$L:$L,'Theo dõi khách hàng heo thịt'!P47,'Heo thịt_Nhập dữ liệu hàng ngày'!$M:$M,'Theo dõi khách hàng heo thịt'!$N$31),"-") -> 0 | T47: =IFERROR(SUMIFS('Heo thịt_Nhập dữ liệu hàng ngày'!$AD:$AD,'Heo thịt_Nhập dữ liệu hàng ngày'!$L:$L,'Theo dõi khách hàng heo thịt'!P47,'Heo thịt_Nhập dữ liệu hàng ngày'!$M:$M,'Theo dõi khách hàng heo thịt'!$N$31),"-") -> 0 | U47: =IFERROR(+T47-S47,"-") -> 0
B48: 44 | C48: =IFERROR(Data!C47,"") -> 0 | D48: =SUMIFS('Heo thịt_Nhập dữ liệu hàng ngày'!$U:$U,'Heo thịt_Nhập dữ liệu hàng ngày'!$M:$M,'Theo dõi khách hàng heo thịt'!C48) -> 0 | E48: =SUMIFS('Heo thịt_Nhập dữ liệu hàng ngày'!$AB:$AB,'Heo thịt_Nhập dữ liệu hàng ngày'!$M:$M,'Theo dõi khách hàng heo thịt'!C48) -> 0 | F48: =SUMIFS('Heo thịt_Nhập dữ liệu hàng ngày'!$AC:$AC,'Heo thịt_Nhập dữ liệu hàng ngày'!$M:$M,'Theo dõi khách hàng heo thịt'!C48) -> 0 | G48: =SUMIFS('Heo thịt_Nhập dữ liệu hàng ngày'!$AD:$AD,'Heo thịt_Nhập dữ liệu hàng ngày'!$M:$M,'Theo dõi khách hàng heo thịt'!C48) -> 0 | H48: =+G48-F48 -> 0 | I48: =+ABS(H48) -> 0 | J48: =+IF(I48>500000,"check","-") -> - | L48: =+H48*(-1) -> 0 | P48: Ninh Bình | Q48: =IFERROR(SUMIFS('Heo thịt_Nhập dữ liệu hàng ngày'!$U:$U,'Heo thịt_Nhập dữ liệu hàng ngày'!$L:$L,'Theo dõi khách hàng heo thịt'!P48,'Heo thịt_Nhập dữ liệu hàng ngày'!$M:$M,'Theo dõi khách hàng heo thịt'!$N$31),"-") -> 0 | R48: =IFERROR(SUMIFS('Heo thịt_Nhập dữ liệu hàng ngày'!$AB:$AB,'Heo thịt_Nhập dữ liệu hàng ngày'!$L:$L,'Theo dõi khách hàng heo thịt'!P48,'Heo thịt_Nhập dữ liệu hàng ngày'!$M:$M,'Theo dõi khách hàng heo thịt'!$N$31),"-") -> 0 | S48: =IFERROR(SUMIFS('Heo thịt_Nhập dữ liệu hàng ngày'!$AC:$AC,'Heo thịt_Nhập dữ liệu hàng ngày'!$L:$L,'Theo dõi khách hàng heo thịt'!P48,'Heo thịt_Nhập dữ liệu hàng ngày'!$M:$M,'Theo dõi khách hàng heo thịt'!$N$31),"-") -> 0 | T48: =IFERROR(SUMIFS('Heo thịt_Nhập dữ liệu hàng ngày'!$AD:$AD,'Heo thịt_Nhập dữ liệu hàng ngày'!$L:$L,'Theo dõi khách hàng heo thịt'!P48,'Heo thịt_Nhập dữ liệu hàng ngày'!$M:$M,'Theo dõi khách hàng heo thịt'!$N$31),"-") -> 0 | U48: =IFERROR(+T48-S48,"-") -> 0
B49: 45 | C49: =IFERROR(Data!C48,"") -> 0 | D49: =SUMIFS('Heo thịt_Nhập dữ liệu hàng ngày'!$U:$U,'Heo thịt_Nhập dữ liệu hàng ngày'!$M:$M,'Theo dõi khách hàng heo thịt'!C49) -> 0 | E49: =SUMIFS('Heo thịt_Nhập dữ liệu hàng ngày'!$AB:$AB,'Heo thịt_Nhập dữ liệu hàng ngày'!$M:$M,'Theo dõi khách hàng heo thịt'!C49) -> 0 | F49: =SUMIFS('Heo thịt_Nhập dữ liệu hàng ngày'!$AC:$AC,'Heo thịt_Nhập dữ liệu hàng ngày'!$M:$M,'Theo dõi khách hàng heo thịt'!C49) -> 0 | G49: =SUMIFS('Heo thịt_Nhập dữ liệu hàng ngày'!$AD:$AD,'Heo thịt_Nhập dữ liệu hàng ngày'!$M:$M,'Theo dõi khách hàng heo thịt'!C49) -> 0 | H49: =+G49-F49 -> 0 | I49: =+ABS(H49) -> 0 | J49: =+IF(I49>500000,"check","-") -> - | L49: =+H49*(-1) -> 0 | P49: Chương Mỹ | Q49: =IFERROR(SUMIFS('Heo thịt_Nhập dữ liệu hàng ngày'!$U:$U,'Heo thịt_Nhập dữ liệu hàng ngày'!$L:$L,'Theo dõi khách hàng heo thịt'!P49,'Heo thịt_Nhập dữ liệu hàng ngày'!$M:$M,'Theo dõi khách hàng heo thịt'!$N$31),"-") -> 0 | R49: =IFERROR(SUMIFS('Heo thịt_Nhập dữ liệu hàng ngày'!$AB:$AB,'Heo thịt_Nhập dữ liệu hàng ngày'!$L:$L,'Theo dõi khách hàng heo thịt'!P49,'Heo thịt_Nhập dữ liệu hàng ngày'!$M:$M,'Theo dõi khách hàng heo thịt'!$N$31),"-") -> 0 | S49: =IFERROR(SUMIFS('Heo thịt_Nhập dữ liệu hàng ngày'!$AC:$AC,'Heo thịt_Nhập dữ liệu hàng ngày'!$L:$L,'Theo dõi khách hàng heo thịt'!P49,'Heo thịt_Nhập dữ liệu hàng ngày'!$M:$M,'Theo dõi khách hàng heo thịt'!$N$31),"-") -> 0 | T49: =IFERROR(SUMIFS('Heo thịt_Nhập dữ liệu hàng ngày'!$AD:$AD,'Heo thịt_Nhập dữ liệu hàng ngày'!$L:$L,'Theo dõi khách hàng heo thịt'!P49,'Heo thịt_Nhập dữ liệu hàng ngày'!$M:$M,'Theo dõi khách hàng heo thịt'!$N$31),"-") -> 0 | U49: =IFERROR(+T49-S49,"-") -> 0
B50: 46 | C50: =IFERROR(Data!C49,"") -> 0 | D50: =SUMIFS('Heo thịt_Nhập dữ liệu hàng ngày'!$U:$U,'Heo thịt_Nhập dữ liệu hàng ngày'!$M:$M,'Theo dõi khách hàng heo thịt'!C50) -> 0 | E50: =SUMIFS('Heo thịt_Nhập dữ liệu hàng ngày'!$AB:$AB,'Heo thịt_Nhập dữ liệu hàng ngày'!$M:$M,'Theo dõi khách hàng heo thịt'!C50) -> 0 | F50: =SUMIFS('Heo thịt_Nhập dữ liệu hàng ngày'!$AC:$AC,'Heo thịt_Nhập dữ liệu hàng ngày'!$M:$M,'Theo dõi khách hàng heo thịt'!C50) -> 0 | G50: =SUMIFS('Heo thịt_Nhập dữ liệu hàng ngày'!$AD:$AD,'Heo thịt_Nhập dữ liệu hàng ngày'!$M:$M,'Theo dõi khách hàng heo thịt'!C50) -> 0 | H50: =+G50-F50 -> 0 | I50: =+ABS(H50) -> 0 | J50: =+IF(I50>500000,"check","-") -> - | L50: =+H50*(-1) -> 0 | P50: Thái Bình | Q50: =IFERROR(SUMIFS('Heo thịt_Nhập dữ liệu hàng ngày'!$U:$U,'Heo thịt_Nhập dữ liệu hàng ngày'!$L:$L,'Theo dõi khách hàng heo thịt'!P50,'Heo thịt_Nhập dữ liệu hàng ngày'!$M:$M,'Theo dõi khách hàng heo thịt'!$N$31),"-") -> 0 | R50: =IFERROR(SUMIFS('Heo thịt_Nhập dữ liệu hàng ngày'!$AB:$AB,'Heo thịt_Nhập dữ liệu hàng ngày'!$L:$L,'Theo dõi khách hàng heo thịt'!P50,'Heo thịt_Nhập dữ liệu hàng ngày'!$M:$M,'Theo dõi khách hàng heo thịt'!$N$31),"-") -> 0 | S50: =IFERROR(SUMIFS('Heo thịt_Nhập dữ liệu hàng ngày'!$AC:$AC,'Heo thịt_Nhập dữ liệu hàng ngày'!$L:$L,'Theo dõi khách hàng heo thịt'!P50,'Heo thịt_Nhập dữ liệu hàng ngày'!$M:$M,'Theo dõi khách hàng heo thịt'!$N$31),"-") -> 0 | T50: =IFERROR(SUMIFS('Heo thịt_Nhập dữ liệu hàng ngày'!$AD:$AD,'Heo thịt_Nhập dữ liệu hàng ngày'!$L:$L,'Theo dõi khách hàng heo thịt'!P50,'Heo thịt_Nhập dữ liệu hàng ngày'!$M:$M,'Theo dõi khách hàng heo thịt'!$N$31),"-") -> 0 | U50: =IFERROR(+T50-S50,"-") -> 0
B51: 47 | C51: =IFERROR(Data!C50,"") -> 0 | D51: =SUMIFS('Heo thịt_Nhập dữ liệu hàng ngày'!$U:$U,'Heo thịt_Nhập dữ liệu hàng ngày'!$M:$M,'Theo dõi khách hàng heo thịt'!C51) -> 0 | E51: =SUMIFS('Heo thịt_Nhập dữ liệu hàng ngày'!$AB:$AB,'Heo thịt_Nhập dữ liệu hàng ngày'!$M:$M,'Theo dõi khách hàng heo thịt'!C51) -> 0 | F51: =SUMIFS('Heo thịt_Nhập dữ liệu hàng ngày'!$AC:$AC,'Heo thịt_Nhập dữ liệu hàng ngày'!$M:$M,'Theo dõi khách hàng heo thịt'!C51) -> 0 | G51: =SUMIFS('Heo thịt_Nhập dữ liệu hàng ngày'!$AD:$AD,'Heo thịt_Nhập dữ liệu hàng ngày'!$M:$M,'Theo dõi khách hàng heo thịt'!C51) -> 0 | H51: =+G51-F51 -> 0 | I51: =+ABS(H51) -> 0 | J51: =+IF(I51>500000,"check","-") -> - | L51: =+H51*(-1) -> 0 | P51: Trại trống 1 | Q51: =IFERROR(SUMIFS('Heo thịt_Nhập dữ liệu hàng ngày'!$U:$U,'Heo thịt_Nhập dữ liệu hàng ngày'!$L:$L,'Theo dõi khách hàng heo thịt'!P51,'Heo thịt_Nhập dữ liệu hàng ngày'!$M:$M,'Theo dõi khách hàng heo thịt'!$N$31),"-") -> 0 | R51: =IFERROR(SUMIFS('Heo thịt_Nhập dữ liệu hàng ngày'!$AB:$AB,'Heo thịt_Nhập dữ liệu hàng ngày'!$L:$L,'Theo dõi khách hàng heo thịt'!P51,'Heo thịt_Nhập dữ liệu hàng ngày'!$M:$M,'Theo dõi khách hàng heo thịt'!$N$31),"-") -> 0 | S51: =IFERROR(SUMIFS('Heo thịt_Nhập dữ liệu hàng ngày'!$AC:$AC,'Heo thịt_Nhập dữ liệu hàng ngày'!$L:$L,'Theo dõi khách hàng heo thịt'!P51,'Heo thịt_Nhập dữ liệu hàng ngày'!$M:$M,'Theo dõi khách hàng heo thịt'!$N$31),"-") -> 0 | T51: =IFERROR(SUMIFS('Heo thịt_Nhập dữ liệu hàng ngày'!$AD:$AD,'Heo thịt_Nhập dữ liệu hàng ngày'!$L:$L,'Theo dõi khách hàng heo thịt'!P51,'Heo thịt_Nhập dữ liệu hàng ngày'!$M:$M,'Theo dõi khách hàng heo thịt'!$N$31),"-") -> 0 | U51: =IFERROR(+T51-S51,"-") -> 0
B52: 48 | C52: =IFERROR(Data!C51,"") -> 0 | D52: =SUMIFS('Heo thịt_Nhập dữ liệu hàng ngày'!$U:$U,'Heo thịt_Nhập dữ liệu hàng ngày'!$M:$M,'Theo dõi khách hàng heo thịt'!C52) -> 0 | E52: =SUMIFS('Heo thịt_Nhập dữ liệu hàng ngày'!$AB:$AB,'Heo thịt_Nhập dữ liệu hàng ngày'!$M:$M,'Theo dõi khách hàng heo thịt'!C52) -> 0 | F52: =SUMIFS('Heo thịt_Nhập dữ liệu hàng ngày'!$AC:$AC,'Heo thịt_Nhập dữ liệu hàng ngày'!$M:$M,'Theo dõi khách hàng heo thịt'!C52) -> 0 | G52: =SUMIFS('Heo thịt_Nhập dữ liệu hàng ngày'!$AD:$AD,'Heo thịt_Nhập dữ liệu hàng ngày'!$M:$M,'Theo dõi khách hàng heo thịt'!C52) -> 0 | H52: =+G52-F52 -> 0 | I52: =+ABS(H52) -> 0 | J52: =+IF(I52>500000,"check","-") -> - | L52: =+H52*(-1) -> 0 | P52: Trại trống 2 | Q52: =IFERROR(SUMIFS('Heo thịt_Nhập dữ liệu hàng ngày'!$U:$U,'Heo thịt_Nhập dữ liệu hàng ngày'!$L:$L,'Theo dõi khách hàng heo thịt'!P52,'Heo thịt_Nhập dữ liệu hàng ngày'!$M:$M,'Theo dõi khách hàng heo thịt'!$N$31),"-") -> 0 | R52: =IFERROR(SUMIFS('Heo thịt_Nhập dữ liệu hàng ngày'!$AB:$AB,'Heo thịt_Nhập dữ liệu hàng ngày'!$L:$L,'Theo dõi khách hàng heo thịt'!P52,'Heo thịt_Nhập dữ liệu hàng ngày'!$M:$M,'Theo dõi khách hàng heo thịt'!$N$31),"-") -> 0 | S52: =IFERROR(SUMIFS('Heo thịt_Nhập dữ liệu hàng ngày'!$AC:$AC,'Heo thịt_Nhập dữ liệu hàng ngày'!$L:$L,'Theo dõi khách hàng heo thịt'!P52,'Heo thịt_Nhập dữ liệu hàng ngày'!$M:$M,'Theo dõi khách hàng heo thịt'!$N$31),"-") -> 0 | T52: =IFERROR(SUMIFS('Heo thịt_Nhập dữ liệu hàng ngày'!$AD:$AD,'Heo thịt_Nhập dữ liệu hàng ngày'!$L:$L,'Theo dõi khách hàng heo thịt'!P52,'Heo thịt_Nhập dữ liệu hàng ngày'!$M:$M,'Theo dõi khách hàng heo thịt'!$N$31),"-") -> 0 | U52: =IFERROR(+T52-S52,"-") -> 0
B53: 49 | C53: =IFERROR(Data!C52,"") -> 0 | D53: =SUMIFS('Heo thịt_Nhập dữ liệu hàng ngày'!$U:$U,'Heo thịt_Nhập dữ liệu hàng ngày'!$M:$M,'Theo dõi khách hàng heo thịt'!C53) -> 0 | E53: =SUMIFS('Heo thịt_Nhập dữ liệu hàng ngày'!$AB:$AB,'Heo thịt_Nhập dữ liệu hàng ngày'!$M:$M,'Theo dõi khách hàng heo thịt'!C53) -> 0 | F53: =SUMIFS('Heo thịt_Nhập dữ liệu hàng ngày'!$AC:$AC,'Heo thịt_Nhập dữ liệu hàng ngày'!$M:$M,'Theo dõi khách hàng heo thịt'!C53) -> 0 | G53: =SUMIFS('Heo thịt_Nhập dữ liệu hàng ngày'!$AD:$AD,'Heo thịt_Nhập dữ liệu hàng ngày'!$M:$M,'Theo dõi khách hàng heo thịt'!C53) -> 0 | H53: =+G53-F53 -> 0 | I53: =+ABS(H53) -> 0 | J53: =+IF(I53>500000,"check","-") -> - | K53: 18/8 | L53: =+H53*(-1) -> 0 | P53: Trại trống 3 | Q53: =IFERROR(SUMIFS('Heo thịt_Nhập dữ liệu hàng ngày'!$U:$U,'Heo thịt_Nhập dữ liệu hàng ngày'!$L:$L,'Theo dõi khách hàng heo thịt'!P53,'Heo thịt_Nhập dữ liệu hàng ngày'!$M:$M,'Theo dõi khách hàng heo thịt'!$N$31),"-") -> 0 | R53: =IFERROR(SUMIFS('Heo thịt_Nhập dữ liệu hàng ngày'!$AB:$AB,'Heo thịt_Nhập dữ liệu hàng ngày'!$L:$L,'Theo dõi khách hàng heo thịt'!P53,'Heo thịt_Nhập dữ liệu hàng ngày'!$M:$M,'Theo dõi khách hàng heo thịt'!$N$31),"-") -> 0 | S53: =IFERROR(SUMIFS('Heo thịt_Nhập dữ liệu hàng ngày'!$AC:$AC,'Heo thịt_Nhập dữ liệu hàng ngày'!$L:$L,'Theo dõi khách hàng heo thịt'!P53,'Heo thịt_Nhập dữ liệu hàng ngày'!$M:$M,'Theo dõi khách hàng heo thịt'!$N$31),"-") -> 0 | T53: =IFERROR(SUMIFS('Heo thịt_Nhập dữ liệu hàng ngày'!$AD:$AD,'Heo thịt_Nhập dữ liệu hàng ngày'!$L:$L,'Theo dõi khách hàng heo thịt'!P53,'Heo thịt_Nhập dữ liệu hàng ngày'!$M:$M,'Theo dõi khách hàng heo thịt'!$N$31),"-") -> 0 | U53: =IFERROR(+T53-S53,"-") -> 0
B54: 50 | C54: =IFERROR(Data!C53,"") -> 0 | D54: =SUMIFS('Heo thịt_Nhập dữ liệu hàng ngày'!$U:$U,'Heo thịt_Nhập dữ liệu hàng ngày'!$M:$M,'Theo dõi khách hàng heo thịt'!C54) -> 0 | E54: =SUMIFS('Heo thịt_Nhập dữ liệu hàng ngày'!$AB:$AB,'Heo thịt_Nhập dữ liệu hàng ngày'!$M:$M,'Theo dõi khách hàng heo thịt'!C54) -> 0 | F54: =SUMIFS('Heo thịt_Nhập dữ liệu hàng ngày'!$AC:$AC,'Heo thịt_Nhập dữ liệu hàng ngày'!$M:$M,'Theo dõi khách hàng heo thịt'!C54) -> 0 | G54: =SUMIFS('Heo thịt_Nhập dữ liệu hàng ngày'!$AD:$AD,'Heo thịt_Nhập dữ liệu hàng ngày'!$M:$M,'Theo dõi khách hàng heo thịt'!C54) -> 0 | H54: =+G54-F54 -> 0 | I54: =+ABS(H54) -> 0 | J54: =+IF(I54>500000,"check","-") -> - | L54: =+H54*(-1) -> 0 | P54: Trại trống 4 | Q54: =IFERROR(SUMIFS('Heo thịt_Nhập dữ liệu hàng ngày'!$U:$U,'Heo thịt_Nhập dữ liệu hàng ngày'!$L:$L,'Theo dõi khách hàng heo thịt'!P54,'Heo thịt_Nhập dữ liệu hàng ngày'!$M:$M,'Theo dõi khách hàng heo thịt'!$N$31),"-") -> 0 | R54: =IFERROR(SUMIFS('Heo thịt_Nhập dữ liệu hàng ngày'!$AB:$AB,'Heo thịt_Nhập dữ liệu hàng ngày'!$L:$L,'Theo dõi khách hàng heo thịt'!P54,'Heo thịt_Nhập dữ liệu hàng ngày'!$M:$M,'Theo dõi khách hàng heo thịt'!$N$31),"-") -> 0 | S54: =IFERROR(SUMIFS('Heo thịt_Nhập dữ liệu hàng ngày'!$AC:$AC,'Heo thịt_Nhập dữ liệu hàng ngày'!$L:$L,'Theo dõi khách hàng heo thịt'!P54,'Heo thịt_Nhập dữ liệu hàng ngày'!$M:$M,'Theo dõi khách hàng heo thịt'!$N$31),"-") -> 0 | T54: =IFERROR(SUMIFS('Heo thịt_Nhập dữ liệu hàng ngày'!$AD:$AD,'Heo thịt_Nhập dữ liệu hàng ngày'!$L:$L,'Theo dõi khách hàng heo thịt'!P54,'Heo thịt_Nhập dữ liệu hàng ngày'!$M:$M,'Theo dõi khách hàng heo thịt'!$N$31),"-") -> 0 | U54: =IFERROR(+T54-S54,"-") -> 0
B55: 51 | C55: =IFERROR(Data!C54,"") -> 0 | D55: =SUMIFS('Heo thịt_Nhập dữ liệu hàng ngày'!$U:$U,'Heo thịt_Nhập dữ liệu hàng ngày'!$M:$M,'Theo dõi khách hàng heo thịt'!C55) -> 0 | E55: =SUMIFS('Heo thịt_Nhập dữ liệu hàng ngày'!$AB:$AB,'Heo thịt_Nhập dữ liệu hàng ngày'!$M:$M,'Theo dõi khách hàng heo thịt'!C55) -> 0 | F55: =SUMIFS('Heo thịt_Nhập dữ liệu hàng ngày'!$AC:$AC,'Heo thịt_Nhập dữ liệu hàng ngày'!$M:$M,'Theo dõi khách hàng heo thịt'!C55) -> 0 | G55: =SUMIFS('Heo thịt_Nhập dữ liệu hàng ngày'!$AD:$AD,'Heo thịt_Nhập dữ liệu hàng ngày'!$M:$M,'Theo dõi khách hàng heo thịt'!C55) -> 0 | H55: =+G55-F55 -> 0 | I55: =+ABS(H55) -> 0 | J55: =+IF(I55>500000,"check","-") -> - | L55: =+H55*(-1) -> 0 | P55: Trại trống 5 | Q55: =IFERROR(SUMIFS('Heo thịt_Nhập dữ liệu hàng ngày'!$U:$U,'Heo thịt_Nhập dữ liệu hàng ngày'!$L:$L,'Theo dõi khách hàng heo thịt'!P55,'Heo thịt_Nhập dữ liệu hàng ngày'!$M:$M,'Theo dõi khách hàng heo thịt'!$N$31),"-") -> 0 | R55: =IFERROR(SUMIFS('Heo thịt_Nhập dữ liệu hàng ngày'!$AB:$AB,'Heo thịt_Nhập dữ liệu hàng ngày'!$L:$L,'Theo dõi khách hàng heo thịt'!P55,'Heo thịt_Nhập dữ liệu hàng ngày'!$M:$M,'Theo dõi khách hàng heo thịt'!$N$31),"-") -> 0 | S55: =IFERROR(SUMIFS('Heo thịt_Nhập dữ liệu hàng ngày'!$AC:$AC,'Heo thịt_Nhập dữ liệu hàng ngày'!$L:$L,'Theo dõi khách hàng heo thịt'!P55,'Heo thịt_Nhập dữ liệu hàng ngày'!$M:$M,'Theo dõi khách hàng heo thịt'!$N$31),"-") -> 0 | T55: =IFERROR(SUMIFS('Heo thịt_Nhập dữ liệu hàng ngày'!$AD:$AD,'Heo thịt_Nhập dữ liệu hàng ngày'!$L:$L,'Theo dõi khách hàng heo thịt'!P55,'Heo thịt_Nhập dữ liệu hàng ngày'!$M:$M,'Theo dõi khách hàng heo thịt'!$N$31),"-") -> 0 | U55: =IFERROR(+T55-S55,"-") -> 0
B56: 52 | C56: =IFERROR(Data!C55,"") -> 0 | D56: =SUMIFS('Heo thịt_Nhập dữ liệu hàng ngày'!$U:$U,'Heo thịt_Nhập dữ liệu hàng ngày'!$M:$M,'Theo dõi khách hàng heo thịt'!C56) -> 0 | E56: =SUMIFS('Heo thịt_Nhập dữ liệu hàng ngày'!$AB:$AB,'Heo thịt_Nhập dữ liệu hàng ngày'!$M:$M,'Theo dõi khách hàng heo thịt'!C56) -> 0 | F56: =SUMIFS('Heo thịt_Nhập dữ liệu hàng ngày'!$AC:$AC,'Heo thịt_Nhập dữ liệu hàng ngày'!$M:$M,'Theo dõi khách hàng heo thịt'!C56) -> 0 | G56: =SUMIFS('Heo thịt_Nhập dữ liệu hàng ngày'!$AD:$AD,'Heo thịt_Nhập dữ liệu hàng ngày'!$M:$M,'Theo dõi khách hàng heo thịt'!C56) -> 0 | H56: =+G56-F56 -> 0 | I56: =+ABS(H56) -> 0 | J56: =+IF(I56>500000,"check","-") -> - | L56: =+H56*(-1) -> 0
B57: 53 | C57: =IFERROR(Data!C56,"") -> 0 | D57: =SUMIFS('Heo thịt_Nhập dữ liệu hàng ngày'!$U:$U,'Heo thịt_Nhập dữ liệu hàng ngày'!$M:$M,'Theo dõi khách hàng heo thịt'!C57) -> 0 | E57: =SUMIFS('Heo thịt_Nhập dữ liệu hàng ngày'!$AB:$AB,'Heo thịt_Nhập dữ liệu hàng ngày'!$M:$M,'Theo dõi khách hàng heo thịt'!C57) -> 0 | F57: =SUMIFS('Heo thịt_Nhập dữ liệu hàng ngày'!$AC:$AC,'Heo thịt_Nhập dữ liệu hàng ngày'!$M:$M,'Theo dõi khách hàng heo thịt'!C57) -> 0 | G57: =SUMIFS('Heo thịt_Nhập dữ liệu hàng ngày'!$AD:$AD,'Heo thịt_Nhập dữ liệu hàng ngày'!$M:$M,'Theo dõi khách hàng heo thịt'!C57) -> 0 | H57: =+G57-F57 -> 0 | I57: =+ABS(H57) -> 0 | J57: =+IF(I57>500000,"check","-") -> - | L57: =+H57*(-1) -> 0
B58: 54 | C58: =IFERROR(Data!C57,"") -> 0 | D58: =SUMIFS('Heo thịt_Nhập dữ liệu hàng ngày'!$U:$U,'Heo thịt_Nhập dữ liệu hàng ngày'!$M:$M,'Theo dõi khách hàng heo thịt'!C58) -> 0 | E58: =SUMIFS('Heo thịt_Nhập dữ liệu hàng ngày'!$AB:$AB,'Heo thịt_Nhập dữ liệu hàng ngày'!$M:$M,'Theo dõi khách hàng heo thịt'!C58) -> 0 | F58: =SUMIFS('Heo thịt_Nhập dữ liệu hàng ngày'!$AC:$AC,'Heo thịt_Nhập dữ liệu hàng ngày'!$M:$M,'Theo dõi khách hàng heo thịt'!C58) -> 0 | G58: =SUMIFS('Heo thịt_Nhập dữ liệu hàng ngày'!$AD:$AD,'Heo thịt_Nhập dữ liệu hàng ngày'!$M:$M,'Theo dõi khách hàng heo thịt'!C58) -> 0 | H58: =+G58-F58 -> 0 | I58: =+ABS(H58) -> 0 | J58: =+IF(I58>500000,"check","-") -> - | L58: =+H58*(-1) -> 0
B59: 55 | C59: =IFERROR(Data!C58,"") -> 0 | D59: =SUMIFS('Heo thịt_Nhập dữ liệu hàng ngày'!$U:$U,'Heo thịt_Nhập dữ liệu hàng ngày'!$M:$M,'Theo dõi khách hàng heo thịt'!C59) -> 0 | E59: =SUMIFS('Heo thịt_Nhập dữ liệu hàng ngày'!$AB:$AB,'Heo thịt_Nhập dữ liệu hàng ngày'!$M:$M,'Theo dõi khách hàng heo thịt'!C59) -> 0 | F59: =SUMIFS('Heo thịt_Nhập dữ liệu hàng ngày'!$AC:$AC,'Heo thịt_Nhập dữ liệu hàng ngày'!$M:$M,'Theo dõi khách hàng heo thịt'!C59) -> 0 | G59: =SUMIFS('Heo thịt_Nhập dữ liệu hàng ngày'!$AD:$AD,'Heo thịt_Nhập dữ liệu hàng ngày'!$M:$M,'Theo dõi khách hàng heo thịt'!C59) -> 0 | H59: =+G59-F59 -> 0 | I59: =+ABS(H59) -> 0 | J59: =+IF(I59>500000,"check","-") -> - | L59: =+H59*(-1) -> 0
B60: 56 | C60: =IFERROR(Data!C59,"") -> 0 | D60: =SUMIFS('Heo thịt_Nhập dữ liệu hàng ngày'!$U:$U,'Heo thịt_Nhập dữ liệu hàng ngày'!$M:$M,'Theo dõi khách hàng heo thịt'!C60) -> 0 | E60: =SUMIFS('Heo thịt_Nhập dữ liệu hàng ngày'!$AB:$AB,'Heo thịt_Nhập dữ liệu hàng ngày'!$M:$M,'Theo dõi khách hàng heo thịt'!C60) -> 0 | F60: =SUMIFS('Heo thịt_Nhập dữ liệu hàng ngày'!$AC:$AC,'Heo thịt_Nhập dữ liệu hàng ngày'!$M:$M,'Theo dõi khách hàng heo thịt'!C60) -> 0 | G60: =SUMIFS('Heo thịt_Nhập dữ liệu hàng ngày'!$AD:$AD,'Heo thịt_Nhập dữ liệu hàng ngày'!$M:$M,'Theo dõi khách hàng heo thịt'!C60) -> 0 | H60: =+G60-F60 -> 0 | I60: =+ABS(H60) -> 0 | J60: =+IF(I60>500000,"check","-") -> - | L60: =+H60*(-1) -> 0
B61: 57 | C61: =IFERROR(Data!C60,"") -> 0 | D61: =SUMIFS('Heo thịt_Nhập dữ liệu hàng ngày'!$U:$U,'Heo thịt_Nhập dữ liệu hàng ngày'!$M:$M,'Theo dõi khách hàng heo thịt'!C61) -> 0 | E61: =SUMIFS('Heo thịt_Nhập dữ liệu hàng ngày'!$AB:$AB,'Heo thịt_Nhập dữ liệu hàng ngày'!$M:$M,'Theo dõi khách hàng heo thịt'!C61) -> 0 | F61: =SUMIFS('Heo thịt_Nhập dữ liệu hàng ngày'!$AC:$AC,'Heo thịt_Nhập dữ liệu hàng ngày'!$M:$M,'Theo dõi khách hàng heo thịt'!C61) -> 0 | G61: =SUMIFS('Heo thịt_Nhập dữ liệu hàng ngày'!$AD:$AD,'Heo thịt_Nhập dữ liệu hàng ngày'!$M:$M,'Theo dõi khách hàng heo thịt'!C61) -> 0 | H61: =+G61-F61 -> 0 | I61: =+ABS(H61) -> 0 | J61: =+IF(I61>500000,"check","-") -> - | L61: =+H61*(-1) -> 0
B62: 58 | C62: =IFERROR(Data!C61,"") -> 0 | D62: =SUMIFS('Heo thịt_Nhập dữ liệu hàng ngày'!$U:$U,'Heo thịt_Nhập dữ liệu hàng ngày'!$M:$M,'Theo dõi khách hàng heo thịt'!C62) -> 0 | E62: =SUMIFS('Heo thịt_Nhập dữ liệu hàng ngày'!$AB:$AB,'Heo thịt_Nhập dữ liệu hàng ngày'!$M:$M,'Theo dõi khách hàng heo thịt'!C62) -> 0 | F62: =SUMIFS('Heo thịt_Nhập dữ liệu hàng ngày'!$AC:$AC,'Heo thịt_Nhập dữ liệu hàng ngày'!$M:$M,'Theo dõi khách hàng heo thịt'!C62) -> 0 | G62: =SUMIFS('Heo thịt_Nhập dữ liệu hàng ngày'!$AD:$AD,'Heo thịt_Nhập dữ liệu hàng ngày'!$M:$M,'Theo dõi khách hàng heo thịt'!C62) -> 0 | H62: =+G62-F62 -> 0 | I62: =+ABS(H62) -> 0 | J62: =+IF(I62>500000,"check","-") -> - | L62: =+H62*(-1) -> 0
B63: 59 | C63: =IFERROR(Data!C62,"") -> 0 | D63: =SUMIFS('Heo thịt_Nhập dữ liệu hàng ngày'!$U:$U,'Heo thịt_Nhập dữ liệu hàng ngày'!$M:$M,'Theo dõi khách hàng heo thịt'!C63) -> 0 | E63: =SUMIFS('Heo thịt_Nhập dữ liệu hàng ngày'!$AB:$AB,'Heo thịt_Nhập dữ liệu hàng ngày'!$M:$M,'Theo dõi khách hàng heo thịt'!C63) -> 0 | F63: =SUMIFS('Heo thịt_Nhập dữ liệu hàng ngày'!$AC:$AC,'Heo thịt_Nhập dữ liệu hàng ngày'!$M:$M,'Theo dõi khách hàng heo thịt'!C63) -> 0 | G63: =SUMIFS('Heo thịt_Nhập dữ liệu hàng ngày'!$AD:$AD,'Heo thịt_Nhập dữ liệu hàng ngày'!$M:$M,'Theo dõi khách hàng heo thịt'!C63) -> 0 | H63: =+G63-F63 -> 0 | I63: =+ABS(H63) -> 0 | J63: =+IF(I63>500000,"check","-") -> - | L63: =+H63*(-1) -> 0
B64: 60 | C64: =IFERROR(Data!C63,"") -> 0 | D64: =SUMIFS('Heo thịt_Nhập dữ liệu hàng ngày'!$U:$U,'Heo thịt_Nhập dữ liệu hàng ngày'!$M:$M,'Theo dõi khách hàng heo thịt'!C64) -> 0 | E64: =SUMIFS('Heo thịt_Nhập dữ liệu hàng ngày'!$AB:$AB,'Heo thịt_Nhập dữ liệu hàng ngày'!$M:$M,'Theo dõi khách hàng heo thịt'!C64) -> 0 | F64: =SUMIFS('Heo thịt_Nhập dữ liệu hàng ngày'!$AC:$AC,'Heo thịt_Nhập dữ liệu hàng ngày'!$M:$M,'Theo dõi khách hàng heo thịt'!C64) -> 0 | G64: =SUMIFS('Heo thịt_Nhập dữ liệu hàng ngày'!$AD:$AD,'Heo thịt_Nhập dữ liệu hàng ngày'!$M:$M,'Theo dõi khách hàng heo thịt'!C64) -> 0 | H64: =+G64-F64 -> 0 | I64: =+ABS(H64) -> 0 | J64: =+IF(I64>500000,"check","-") -> - | L64: =+H64*(-1) -> 0
B65: 61 | C65: =IFERROR(Data!C64,"") -> 0 | D65: =SUMIFS('Heo thịt_Nhập dữ liệu hàng ngày'!$U:$U,'Heo thịt_Nhập dữ liệu hàng ngày'!$M:$M,'Theo dõi khách hàng heo thịt'!C65) -> 0 | E65: =SUMIFS('Heo thịt_Nhập dữ liệu hàng ngày'!$AB:$AB,'Heo thịt_Nhập dữ liệu hàng ngày'!$M:$M,'Theo dõi khách hàng heo thịt'!C65) -> 0 | F65: =SUMIFS('Heo thịt_Nhập dữ liệu hàng ngày'!$AC:$AC,'Heo thịt_Nhập dữ liệu hàng ngày'!$M:$M,'Theo dõi khách hàng heo thịt'!C65) -> 0 | G65: =SUMIFS('Heo thịt_Nhập dữ liệu hàng ngày'!$AD:$AD,'Heo thịt_Nhập dữ liệu hàng ngày'!$M:$M,'Theo dõi khách hàng heo thịt'!C65) -> 0 | H65: =+G65-F65 -> 0 | I65: =+ABS(H65) -> 0 | J65: =+IF(I65>500000,"check","-") -> - | L65: =+H65*(-1) -> 0
B66: 62 | C66: =IFERROR(Data!C65,"") -> 0 | D66: =SUMIFS('Heo thịt_Nhập dữ liệu hàng ngày'!$U:$U,'Heo thịt_Nhập dữ liệu hàng ngày'!$M:$M,'Theo dõi khách hàng heo thịt'!C66) -> 0 | E66: =SUMIFS('Heo thịt_Nhập dữ liệu hàng ngày'!$AB:$AB,'Heo thịt_Nhập dữ liệu hàng ngày'!$M:$M,'Theo dõi khách hàng heo thịt'!C66) -> 0 | F66: =SUMIFS('Heo thịt_Nhập dữ liệu hàng ngày'!$AC:$AC,'Heo thịt_Nhập dữ liệu hàng ngày'!$M:$M,'Theo dõi khách hàng heo thịt'!C66) -> 0 | G66: =SUMIFS('Heo thịt_Nhập dữ liệu hàng ngày'!$AD:$AD,'Heo thịt_Nhập dữ liệu hàng ngày'!$M:$M,'Theo dõi khách hàng heo thịt'!C66) -> 0 | H66: =+G66-F66 -> 0 | I66: =+ABS(H66) -> 0 | J66: =+IF(I66>500000,"check","-") -> - | K66: 08/10 | L66: =+H66*(-1) -> 0
B67: 63 | C67: =IFERROR(Data!C66,"") -> 0 | D67: =SUMIFS('Heo thịt_Nhập dữ liệu hàng ngày'!$U:$U,'Heo thịt_Nhập dữ liệu hàng ngày'!$M:$M,'Theo dõi khách hàng heo thịt'!C67) -> 0 | E67: =SUMIFS('Heo thịt_Nhập dữ liệu hàng ngày'!$AB:$AB,'Heo thịt_Nhập dữ liệu hàng ngày'!$M:$M,'Theo dõi khách hàng heo thịt'!C67) -> 0 | F67: =SUMIFS('Heo thịt_Nhập dữ liệu hàng ngày'!$AC:$AC,'Heo thịt_Nhập dữ liệu hàng ngày'!$M:$M,'Theo dõi khách hàng heo thịt'!C67) -> 0 | G67: =SUMIFS('Heo thịt_Nhập dữ liệu hàng ngày'!$AD:$AD,'Heo thịt_Nhập dữ liệu hàng ngày'!$M:$M,'Theo dõi khách hàng heo thịt'!C67) -> 0 | H67: =+G67-F67 -> 0 | I67: =+ABS(H67) -> 0 | J67: =+IF(I67>500000,"check","-") -> - | K67: 08/10 | L67: =+H67*(-1) -> 0
B68: 64 | C68: =IFERROR(Data!C67,"") -> 0 | D68: =SUMIFS('Heo thịt_Nhập dữ liệu hàng ngày'!$U:$U,'Heo thịt_Nhập dữ liệu hàng ngày'!$M:$M,'Theo dõi khách hàng heo thịt'!C68) -> 0 | E68: =SUMIFS('Heo thịt_Nhập dữ liệu hàng ngày'!$AB:$AB,'Heo thịt_Nhập dữ liệu hàng ngày'!$M:$M,'Theo dõi khách hàng heo thịt'!C68) -> 0 | F68: =SUMIFS('Heo thịt_Nhập dữ liệu hàng ngày'!$AC:$AC,'Heo thịt_Nhập dữ liệu hàng ngày'!$M:$M,'Theo dõi khách hàng heo thịt'!C68) -> 0 | G68: =SUMIFS('Heo thịt_Nhập dữ liệu hàng ngày'!$AD:$AD,'Heo thịt_Nhập dữ liệu hàng ngày'!$M:$M,'Theo dõi khách hàng heo thịt'!C68) -> 0 | H68: =+G68-F68 -> 0 | I68: =+ABS(H68) -> 0 | J68: =+IF(I68>500000,"check","-") -> - | L68: =+H68*(-1) -> 0
B69: 65 | C69: =IFERROR(Data!C68,"") -> 0 | D69: =SUMIFS('Heo thịt_Nhập dữ liệu hàng ngày'!$U:$U,'Heo thịt_Nhập dữ liệu hàng ngày'!$M:$M,'Theo dõi khách hàng heo thịt'!C69) -> 0 | E69: =SUMIFS('Heo thịt_Nhập dữ liệu hàng ngày'!$AB:$AB,'Heo thịt_Nhập dữ liệu hàng ngày'!$M:$M,'Theo dõi khách hàng heo thịt'!C69) -> 0 | F69: =SUMIFS('Heo thịt_Nhập dữ liệu hàng ngày'!$AC:$AC,'Heo thịt_Nhập dữ liệu hàng ngày'!$M:$M,'Theo dõi khách hàng heo thịt'!C69) -> 0 | G69: =SUMIFS('Heo thịt_Nhập dữ liệu hàng ngày'!$AD:$AD,'Heo thịt_Nhập dữ liệu hàng ngày'!$M:$M,'Theo dõi khách hàng heo thịt'!C69) -> 0 | H69: =+G69-F69 -> 0 | I69: =+ABS(H69) -> 0 | J69: =+IF(I69>500000,"check","-") -> - | L69: =+H69*(-1) -> 0
B70: 66 | C70: =IFERROR(Data!C69,"") -> 0 | D70: =SUMIFS('Heo thịt_Nhập dữ liệu hàng ngày'!$U:$U,'Heo thịt_Nhập dữ liệu hàng ngày'!$M:$M,'Theo dõi khách hàng heo thịt'!C70) -> 0 | E70: =SUMIFS('Heo thịt_Nhập dữ liệu hàng ngày'!$AB:$AB,'Heo thịt_Nhập dữ liệu hàng ngày'!$M:$M,'Theo dõi khách hàng heo thịt'!C70) -> 0 | F70: =SUMIFS('Heo thịt_Nhập dữ liệu hàng ngày'!$AC:$AC,'Heo thịt_Nhập dữ liệu hàng ngày'!$M:$M,'Theo dõi khách hàng heo thịt'!C70) -> 0 | G70: =SUMIFS('Heo thịt_Nhập dữ liệu hàng ngày'!$AD:$AD,'Heo thịt_Nhập dữ liệu hàng ngày'!$M:$M,'Theo dõi khách hàng heo thịt'!C70) -> 0 | H70: =+G70-F70 -> 0 | I70: =+ABS(H70) -> 0 | J70: =+IF(I70>500000,"check","-") -> - | K70: 17/8 ?? | L70: =+H70*(-1) -> 0
B71: 67 | C71: =IFERROR(Data!C70,"") -> 0 | D71: =SUMIFS('Heo thịt_Nhập dữ liệu hàng ngày'!$U:$U,'Heo thịt_Nhập dữ liệu hàng ngày'!$M:$M,'Theo dõi khách hàng heo thịt'!C71) -> 0 | E71: =SUMIFS('Heo thịt_Nhập dữ liệu hàng ngày'!$AB:$AB,'Heo thịt_Nhập dữ liệu hàng ngày'!$M:$M,'Theo dõi khách hàng heo thịt'!C71) -> 0 | F71: =SUMIFS('Heo thịt_Nhập dữ liệu hàng ngày'!$AC:$AC,'Heo thịt_Nhập dữ liệu hàng ngày'!$M:$M,'Theo dõi khách hàng heo thịt'!C71) -> 0 | G71: =SUMIFS('Heo thịt_Nhập dữ liệu hàng ngày'!$AD:$AD,'Heo thịt_Nhập dữ liệu hàng ngày'!$M:$M,'Theo dõi khách hàng heo thịt'!C71) -> 0 | H71: =+G71-F71 -> 0 | I71: =+ABS(H71) -> 0 | J71: =+IF(I71>500000,"check","-") -> - | L71: =+H71*(-1) -> 0
B72: 68 | C72: =IFERROR(Data!C71,"") -> 0 | D72: =SUMIFS('Heo thịt_Nhập dữ liệu hàng ngày'!$U:$U,'Heo thịt_Nhập dữ liệu hàng ngày'!$M:$M,'Theo dõi khách hàng heo thịt'!C72) -> 0 | E72: =SUMIFS('Heo thịt_Nhập dữ liệu hàng ngày'!$AB:$AB,'Heo thịt_Nhập dữ liệu hàng ngày'!$M:$M,'Theo dõi khách hàng heo thịt'!C72) -> 0 | F72: =SUMIFS('Heo thịt_Nhập dữ liệu hàng ngày'!$AC:$AC,'Heo thịt_Nhập dữ liệu hàng ngày'!$M:$M,'Theo dõi khách hàng heo thịt'!C72) -> 0 | G72: =SUMIFS('Heo thịt_Nhập dữ liệu hàng ngày'!$AD:$AD,'Heo thịt_Nhập dữ liệu hàng ngày'!$M:$M,'Theo dõi khách hàng heo thịt'!C72) -> 0 | H72: =+G72-F72 -> 0 | I72: =+ABS(H72) -> 0 | J72: =+IF(I72>500000,"check","-") -> - | L72: =+H72*(-1) -> 0
B73: 69 | C73: =IFERROR(Data!C72,"") -> 0 | D73: =SUMIFS('Heo thịt_Nhập dữ liệu hàng ngày'!$U:$U,'Heo thịt_Nhập dữ liệu hàng ngày'!$M:$M,'Theo dõi khách hàng heo thịt'!C73) -> 0 | E73: =SUMIFS('Heo thịt_Nhập dữ liệu hàng ngày'!$AB:$AB,'Heo thịt_Nhập dữ liệu hàng ngày'!$M:$M,'Theo dõi khách hàng heo thịt'!C73) -> 0 | F73: =SUMIFS('Heo thịt_Nhập dữ liệu hàng ngày'!$AC:$AC,'Heo thịt_Nhập dữ liệu hàng ngày'!$M:$M,'Theo dõi khách hàng heo thịt'!C73) -> 0 | G73: =SUMIFS('Heo thịt_Nhập dữ liệu hàng ngày'!$AD:$AD,'Heo thịt_Nhập dữ liệu hàng ngày'!$M:$M,'Theo dõi khách hàng heo thịt'!C73) -> 0 | H73: =+G73-F73 -> 0 | I73: =+ABS(H73) -> 0 | J73: =+IF(I73>500000,"check","-") -> - | L73: =+H73*(-1) -> 0
B74: 70 | C74: =IFERROR(Data!C73,"") -> 0 | D74: =SUMIFS('Heo thịt_Nhập dữ liệu hàng ngày'!$U:$U,'Heo thịt_Nhập dữ liệu hàng ngày'!$M:$M,'Theo dõi khách hàng heo thịt'!C74) -> 0 | E74: =SUMIFS('Heo thịt_Nhập dữ liệu hàng ngày'!$AB:$AB,'Heo thịt_Nhập dữ liệu hàng ngày'!$M:$M,'Theo dõi khách hàng heo thịt'!C74) -> 0 | F74: =SUMIFS('Heo thịt_Nhập dữ liệu hàng ngày'!$AC:$AC,'Heo thịt_Nhập dữ liệu hàng ngày'!$M:$M,'Theo dõi khách hàng heo thịt'!C74) -> 0 | G74: =SUMIFS('Heo thịt_Nhập dữ liệu hàng ngày'!$AD:$AD,'Heo thịt_Nhập dữ liệu hàng ngày'!$M:$M,'Theo dõi khách hàng heo thịt'!C74) -> 0 | H74: =+G74-F74 -> 0 | I74: =+ABS(H74) -> 0 | J74: =+IF(I74>500000,"check","-") -> - | K74: 1.5tr thừa 16-17 + 0.5tr thừa 18-19 | L74: =+H74*(-1) -> 0
B75: 71 | C75: =IFERROR(Data!C74,"") -> 0 | D75: =SUMIFS('Heo thịt_Nhập dữ liệu hàng ngày'!$U:$U,'Heo thịt_Nhập dữ liệu hàng ngày'!$M:$M,'Theo dõi khách hàng heo thịt'!C75) -> 0 | E75: =SUMIFS('Heo thịt_Nhập dữ liệu hàng ngày'!$AB:$AB,'Heo thịt_Nhập dữ liệu hàng ngày'!$M:$M,'Theo dõi khách hàng heo thịt'!C75) -> 0 | F75: =SUMIFS('Heo thịt_Nhập dữ liệu hàng ngày'!$AC:$AC,'Heo thịt_Nhập dữ liệu hàng ngày'!$M:$M,'Theo dõi khách hàng heo thịt'!C75) -> 0 | G75: =SUMIFS('Heo thịt_Nhập dữ liệu hàng ngày'!$AD:$AD,'Heo thịt_Nhập dữ liệu hàng ngày'!$M:$M,'Theo dõi khách hàng heo thịt'!C75) -> 0 | H75: =+G75-F75 -> 0 | I75: =+ABS(H75) -> 0 | J75: =+IF(I75>500000,"check","-") -> - | L75: =+H75*(-1) -> 0
B76: 72 | C76: =IFERROR(Data!C75,"") -> 0 | D76: =SUMIFS('Heo thịt_Nhập dữ liệu hàng ngày'!$U:$U,'Heo thịt_Nhập dữ liệu hàng ngày'!$M:$M,'Theo dõi khách hàng heo thịt'!C76) -> 0 | E76: =SUMIFS('Heo thịt_Nhập dữ liệu hàng ngày'!$AB:$AB,'Heo thịt_Nhập dữ liệu hàng ngày'!$M:$M,'Theo dõi khách hàng heo thịt'!C76) -> 0 | F76: =SUMIFS('Heo thịt_Nhập dữ liệu hàng ngày'!$AC:$AC,'Heo thịt_Nhập dữ liệu hàng ngày'!$M:$M,'Theo dõi khách hàng heo thịt'!C76) -> 0 | G76: =SUMIFS('Heo thịt_Nhập dữ liệu hàng ngày'!$AD:$AD,'Heo thịt_Nhập dữ liệu hàng ngày'!$M:$M,'Theo dõi khách hàng heo thịt'!C76) -> 0 | H76: =+G76-F76 -> 0 | I76: =+ABS(H76) -> 0 | J76: =+IF(I76>500000,"check","-") -> - | L76: =+H76*(-1) -> 0
B77: 73 | C77: =IFERROR(Data!C76,"") -> 0 | D77: =SUMIFS('Heo thịt_Nhập dữ liệu hàng ngày'!$U:$U,'Heo thịt_Nhập dữ liệu hàng ngày'!$M:$M,'Theo dõi khách hàng heo thịt'!C77) -> 0 | E77: =SUMIFS('Heo thịt_Nhập dữ liệu hàng ngày'!$AB:$AB,'Heo thịt_Nhập dữ liệu hàng ngày'!$M:$M,'Theo dõi khách hàng heo thịt'!C77) -> 0 | F77: =SUMIFS('Heo thịt_Nhập dữ liệu hàng ngày'!$AC:$AC,'Heo thịt_Nhập dữ liệu hàng ngày'!$M:$M,'Theo dõi khách hàng heo thịt'!C77) -> 0 | G77: =SUMIFS('Heo thịt_Nhập dữ liệu hàng ngày'!$AD:$AD,'Heo thịt_Nhập dữ liệu hàng ngày'!$M:$M,'Theo dõi khách hàng heo thịt'!C77) -> 0 | H77: =+G77-F77 -> 0 | I77: =+ABS(H77) -> 0 | J77: =+IF(I77>500000,"check","-") -> - | L77: =+H77*(-1) -> 0
B78: 74 | C78: =IFERROR(Data!C77,"") -> 0 | D78: =SUMIFS('Heo thịt_Nhập dữ liệu hàng ngày'!$U:$U,'Heo thịt_Nhập dữ liệu hàng ngày'!$M:$M,'Theo dõi khách hàng heo thịt'!C78) -> 0 | E78: =SUMIFS('Heo thịt_Nhập dữ liệu hàng ngày'!$AB:$AB,'Heo thịt_Nhập dữ liệu hàng ngày'!$M:$M,'Theo dõi khách hàng heo thịt'!C78) -> 0 | F78: =SUMIFS('Heo thịt_Nhập dữ liệu hàng ngày'!$AC:$AC,'Heo thịt_Nhập dữ liệu hàng ngày'!$M:$M,'Theo dõi khách hàng heo thịt'!C78) -> 0 | G78: =SUMIFS('Heo thịt_Nhập dữ liệu hàng ngày'!$AD:$AD,'Heo thịt_Nhập dữ liệu hàng ngày'!$M:$M,'Theo dõi khách hàng heo thịt'!C78) -> 0 | H78: =+G78-F78 -> 0 | I78: =+ABS(H78) -> 0 | J78: =+IF(I78>500000,"check","-") -> - | L78: =+H78*(-1) -> 0
B79: 75 | C79: =IFERROR(Data!C78,"") -> 0 | D79: =SUMIFS('Heo thịt_Nhập dữ liệu hàng ngày'!$U:$U,'Heo thịt_Nhập dữ liệu hàng ngày'!$M:$M,'Theo dõi khách hàng heo thịt'!C79) -> 0 | E79: =SUMIFS('Heo thịt_Nhập dữ liệu hàng ngày'!$AB:$AB,'Heo thịt_Nhập dữ liệu hàng ngày'!$M:$M,'Theo dõi khách hàng heo thịt'!C79) -> 0 | F79: =SUMIFS('Heo thịt_Nhập dữ liệu hàng ngày'!$AC:$AC,'Heo thịt_Nhập dữ liệu hàng ngày'!$M:$M,'Theo dõi khách hàng heo thịt'!C79) -> 0 | G79: =SUMIFS('Heo thịt_Nhập dữ liệu hàng ngày'!$AD:$AD,'Heo thịt_Nhập dữ liệu hàng ngày'!$M:$M,'Theo dõi khách hàng heo thịt'!C79) -> 0 | H79: =+G79-F79 -> 0 | I79: =+ABS(H79) -> 0 | J79: =+IF(I79>500000,"check","-") -> - | L79: =+H79*(-1) -> 0
B80: 76 | C80: =IFERROR(Data!C79,"") -> 0 | D80: =SUMIFS('Heo thịt_Nhập dữ liệu hàng ngày'!$U:$U,'Heo thịt_Nhập dữ liệu hàng ngày'!$M:$M,'Theo dõi khách hàng heo thịt'!C80) -> 0 | E80: =SUMIFS('Heo thịt_Nhập dữ liệu hàng ngày'!$AB:$AB,'Heo thịt_Nhập dữ liệu hàng ngày'!$M:$M,'Theo dõi khách hàng heo thịt'!C80) -> 0 | F80: =SUMIFS('Heo thịt_Nhập dữ liệu hàng ngày'!$AC:$AC,'Heo thịt_Nhập dữ liệu hàng ngày'!$M:$M,'Theo dõi khách hàng heo thịt'!C80) -> 0 | G80: =SUMIFS('Heo thịt_Nhập dữ liệu hàng ngày'!$AD:$AD,'Heo thịt_Nhập dữ liệu hàng ngày'!$M:$M,'Theo dõi khách hàng heo thịt'!C80) -> 0 | H80: =+G80-F80 -> 0 | I80: =+ABS(H80) -> 0 | J80: =+IF(I80>500000,"check","-") -> - | K80: x | L80: =+H80*(-1) -> 0
B81: 77 | C81: =IFERROR(Data!C80,"") -> 0 | D81: =SUMIFS('Heo thịt_Nhập dữ liệu hàng ngày'!$U:$U,'Heo thịt_Nhập dữ liệu hàng ngày'!$M:$M,'Theo dõi khách hàng heo thịt'!C81) -> 0 | E81: =SUMIFS('Heo thịt_Nhập dữ liệu hàng ngày'!$AB:$AB,'Heo thịt_Nhập dữ liệu hàng ngày'!$M:$M,'Theo dõi khách hàng heo thịt'!C81) -> 0 | F81: =SUMIFS('Heo thịt_Nhập dữ liệu hàng ngày'!$AC:$AC,'Heo thịt_Nhập dữ liệu hàng ngày'!$M:$M,'Theo dõi khách hàng heo thịt'!C81) -> 0 | G81: =SUMIFS('Heo thịt_Nhập dữ liệu hàng ngày'!$AD:$AD,'Heo thịt_Nhập dữ liệu hàng ngày'!$M:$M,'Theo dõi khách hàng heo thịt'!C81) -> 0 | H81: =+G81-F81 -> 0 | I81: =+ABS(H81) -> 0 | J81: =+IF(I81>500000,"check","-") -> - | L81: =+H81*(-1) -> 0
B82: 78 | C82: =IFERROR(Data!C81,"") -> 0 | D82: =SUMIFS('Heo thịt_Nhập dữ liệu hàng ngày'!$U:$U,'Heo thịt_Nhập dữ liệu hàng ngày'!$M:$M,'Theo dõi khách hàng heo thịt'!C82) -> 0 | E82: =SUMIFS('Heo thịt_Nhập dữ liệu hàng ngày'!$AB:$AB,'Heo thịt_Nhập dữ liệu hàng ngày'!$M:$M,'Theo dõi khách hàng heo thịt'!C82) -> 0 | F82: =SUMIFS('Heo thịt_Nhập dữ liệu hàng ngày'!$AC:$AC,'Heo thịt_Nhập dữ liệu hàng ngày'!$M:$M,'Theo dõi khách hàng heo thịt'!C82) -> 0 | G82: =SUMIFS('Heo thịt_Nhập dữ liệu hàng ngày'!$AD:$AD,'Heo thịt_Nhập dữ liệu hàng ngày'!$M:$M,'Theo dõi khách hàng heo thịt'!C82) -> 0 | H82: =+G82-F82 -> 0 | I82: =+ABS(H82) -> 0 | J82: =+IF(I82>500000,"check","-") -> - | L82: =+H82*(-1) -> 0
B83: 79 | C83: =IFERROR(Data!C82,"") -> 0 | D83: =SUMIFS('Heo thịt_Nhập dữ liệu hàng ngày'!$U:$U,'Heo thịt_Nhập dữ liệu hàng ngày'!$M:$M,'Theo dõi khách hàng heo thịt'!C83) -> 0 | E83: =SUMIFS('Heo thịt_Nhập dữ liệu hàng ngày'!$AB:$AB,'Heo thịt_Nhập dữ liệu hàng ngày'!$M:$M,'Theo dõi khách hàng heo thịt'!C83) -> 0 | F83: =SUMIFS('Heo thịt_Nhập dữ liệu hàng ngày'!$AC:$AC,'Heo thịt_Nhập dữ liệu hàng ngày'!$M:$M,'Theo dõi khách hàng heo thịt'!C83) -> 0 | G83: =SUMIFS('Heo thịt_Nhập dữ liệu hàng ngày'!$AD:$AD,'Heo thịt_Nhập dữ liệu hàng ngày'!$M:$M,'Theo dõi khách hàng heo thịt'!C83) -> 0 | H83: =+G83-F83 -> 0 | I83: =+ABS(H83) -> 0 | J83: =+IF(I83>500000,"check","-") -> - | L83: =+H83*(-1) -> 0
B84: 80 | C84: =IFERROR(Data!C83,"") -> 0 | D84: =SUMIFS('Heo thịt_Nhập dữ liệu hàng ngày'!$U:$U,'Heo thịt_Nhập dữ liệu hàng ngày'!$M:$M,'Theo dõi khách hàng heo thịt'!C84) -> 0 | E84: =SUMIFS('Heo thịt_Nhập dữ liệu hàng ngày'!$AB:$AB,'Heo thịt_Nhập dữ liệu hàng ngày'!$M:$M,'Theo dõi khách hàng heo thịt'!C84) -> 0 | F84: =SUMIFS('Heo thịt_Nhập dữ liệu hàng ngày'!$AC:$AC,'Heo thịt_Nhập dữ liệu hàng ngày'!$M:$M,'Theo dõi khách hàng heo thịt'!C84) -> 0 | G84: =SUMIFS('Heo thịt_Nhập dữ liệu hàng ngày'!$AD:$AD,'Heo thịt_Nhập dữ liệu hàng ngày'!$M:$M,'Theo dõi khách hàng heo thịt'!C84) -> 0 | H84: =+G84-F84 -> 0 | I84: =+ABS(H84) -> 0 | J84: =+IF(I84>500000,"check","-") -> - | L84: =+H84*(-1) -> 0
B85: 81 | C85: =IFERROR(Data!C84,"") -> 0 | D85: =SUMIFS('Heo thịt_Nhập dữ liệu hàng ngày'!$U:$U,'Heo thịt_Nhập dữ liệu hàng ngày'!$M:$M,'Theo dõi khách hàng heo thịt'!C85) -> 0 | E85: =SUMIFS('Heo thịt_Nhập dữ liệu hàng ngày'!$AB:$AB,'Heo thịt_Nhập dữ liệu hàng ngày'!$M:$M,'Theo dõi khách hàng heo thịt'!C85) -> 0 | F85: =SUMIFS('Heo thịt_Nhập dữ liệu hàng ngày'!$AC:$AC,'Heo thịt_Nhập dữ liệu hàng ngày'!$M:$M,'Theo dõi khách hàng heo thịt'!C85) -> 0 | G85: =SUMIFS('Heo thịt_Nhập dữ liệu hàng ngày'!$AD:$AD,'Heo thịt_Nhập dữ liệu hàng ngày'!$M:$M,'Theo dõi khách hàng heo thịt'!C85) -> 0 | H85: =+G85-F85 -> 0 | I85: =+ABS(H85) -> 0 | J85: =+IF(I85>500000,"check","-") -> - | L85: =+H85*(-1) -> 0
B86: 82 | C86: =IFERROR(Data!C85,"") -> 0 | D86: =SUMIFS('Heo thịt_Nhập dữ liệu hàng ngày'!$U:$U,'Heo thịt_Nhập dữ liệu hàng ngày'!$M:$M,'Theo dõi khách hàng heo thịt'!C86) -> 0 | E86: =SUMIFS('Heo thịt_Nhập dữ liệu hàng ngày'!$AB:$AB,'Heo thịt_Nhập dữ liệu hàng ngày'!$M:$M,'Theo dõi khách hàng heo thịt'!C86) -> 0 | F86: =SUMIFS('Heo thịt_Nhập dữ liệu hàng ngày'!$AC:$AC,'Heo thịt_Nhập dữ liệu hàng ngày'!$M:$M,'Theo dõi khách hàng heo thịt'!C86) -> 0 | G86: =SUMIFS('Heo thịt_Nhập dữ liệu hàng ngày'!$AD:$AD,'Heo thịt_Nhập dữ liệu hàng ngày'!$M:$M,'Theo dõi khách hàng heo thịt'!C86) -> 0 | H86: =+G86-F86 -> 0 | I86: =+ABS(H86) -> 0 | J86: =+IF(I86>500000,"check","-") -> - | L86: =+H86*(-1) -> 0
B87: 83 | C87: =IFERROR(Data!C86,"") -> 0 | D87: =SUMIFS('Heo thịt_Nhập dữ liệu hàng ngày'!$U:$U,'Heo thịt_Nhập dữ liệu hàng ngày'!$M:$M,'Theo dõi khách hàng heo thịt'!C87) -> 0 | E87: =SUMIFS('Heo thịt_Nhập dữ liệu hàng ngày'!$AB:$AB,'Heo thịt_Nhập dữ liệu hàng ngày'!$M:$M,'Theo dõi khách hàng heo thịt'!C87) -> 0 | F87: =SUMIFS('Heo thịt_Nhập dữ liệu hàng ngày'!$AC:$AC,'Heo thịt_Nhập dữ liệu hàng ngày'!$M:$M,'Theo dõi khách hàng heo thịt'!C87) -> 0 | G87: =SUMIFS('Heo thịt_Nhập dữ liệu hàng ngày'!$AD:$AD,'Heo thịt_Nhập dữ liệu hàng ngày'!$M:$M,'Theo dõi khách hàng heo thịt'!C87) -> 0 | H87: =+G87-F87 -> 0 | I87: =+ABS(H87) -> 0 | J87: =+IF(I87>500000,"check","-") -> - | L87: =+H87*(-1) -> 0
B88: 84 | C88: =IFERROR(Data!C87,"") -> 0 | D88: =SUMIFS('Heo thịt_Nhập dữ liệu hàng ngày'!$U:$U,'Heo thịt_Nhập dữ liệu hàng ngày'!$M:$M,'Theo dõi khách hàng heo thịt'!C88) -> 0 | E88: =SUMIFS('Heo thịt_Nhập dữ liệu hàng ngày'!$AB:$AB,'Heo thịt_Nhập dữ liệu hàng ngày'!$M:$M,'Theo dõi khách hàng heo thịt'!C88) -> 0 | F88: =SUMIFS('Heo thịt_Nhập dữ liệu hàng ngày'!$AC:$AC,'Heo thịt_Nhập dữ liệu hàng ngày'!$M:$M,'Theo dõi khách hàng heo thịt'!C88) -> 0 | G88: =SUMIFS('Heo thịt_Nhập dữ liệu hàng ngày'!$AD:$AD,'Heo thịt_Nhập dữ liệu hàng ngày'!$M:$M,'Theo dõi khách hàng heo thịt'!C88) -> 0 | H88: =+G88-F88 -> 0 | I88: =+ABS(H88) -> 0 | J88: =+IF(I88>500000,"check","-") -> - | L88: =+H88*(-1) -> 0
B89: 85 | C89: =IFERROR(Data!C88,"") -> 0 | D89: =SUMIFS('Heo thịt_Nhập dữ liệu hàng ngày'!$U:$U,'Heo thịt_Nhập dữ liệu hàng ngày'!$M:$M,'Theo dõi khách hàng heo thịt'!C89) -> 0 | E89: =SUMIFS('Heo thịt_Nhập dữ liệu hàng ngày'!$AB:$AB,'Heo thịt_Nhập dữ liệu hàng ngày'!$M:$M,'Theo dõi khách hàng heo thịt'!C89) -> 0 | F89: =SUMIFS('Heo thịt_Nhập dữ liệu hàng ngày'!$AC:$AC,'Heo thịt_Nhập dữ liệu hàng ngày'!$M:$M,'Theo dõi khách hàng heo thịt'!C89) -> 0 | G89: =SUMIFS('Heo thịt_Nhập dữ liệu hàng ngày'!$AD:$AD,'Heo thịt_Nhập dữ liệu hàng ngày'!$M:$M,'Theo dõi khách hàng heo thịt'!C89) -> 0 | H89: =+G89-F89 -> 0 | I89: =+ABS(H89) -> 0 | J89: =+IF(I89>500000,"check","-") -> - | L89: =+H89*(-1) -> 0
B90: 86 | C90: =IFERROR(Data!C89,"") -> 0 | D90: =SUMIFS('Heo thịt_Nhập dữ liệu hàng ngày'!$U:$U,'Heo thịt_Nhập dữ liệu hàng ngày'!$M:$M,'Theo dõi khách hàng heo thịt'!C90) -> 0 | E90: =SUMIFS('Heo thịt_Nhập dữ liệu hàng ngày'!$AB:$AB,'Heo thịt_Nhập dữ liệu hàng ngày'!$M:$M,'Theo dõi khách hàng heo thịt'!C90) -> 0 | F90: =SUMIFS('Heo thịt_Nhập dữ liệu hàng ngày'!$AC:$AC,'Heo thịt_Nhập dữ liệu hàng ngày'!$M:$M,'Theo dõi khách hàng heo thịt'!C90) -> 0 | G90: =SUMIFS('Heo thịt_Nhập dữ liệu hàng ngày'!$AD:$AD,'Heo thịt_Nhập dữ liệu hàng ngày'!$M:$M,'Theo dõi khách hàng heo thịt'!C90) -> 0 | H90: =+G90-F90 -> 0 | I90: =+ABS(H90) -> 0 | J90: =+IF(I90>500000,"check","-") -> - | K90: x | L90: =+H90*(-1) -> 0
B91: 87 | C91: =IFERROR(Data!C90,"") -> 0 | D91: =SUMIFS('Heo thịt_Nhập dữ liệu hàng ngày'!$U:$U,'Heo thịt_Nhập dữ liệu hàng ngày'!$M:$M,'Theo dõi khách hàng heo thịt'!C91) -> 0 | E91: =SUMIFS('Heo thịt_Nhập dữ liệu hàng ngày'!$AB:$AB,'Heo thịt_Nhập dữ liệu hàng ngày'!$M:$M,'Theo dõi khách hàng heo thịt'!C91) -> 0 | F91: =SUMIFS('Heo thịt_Nhập dữ liệu hàng ngày'!$AC:$AC,'Heo thịt_Nhập dữ liệu hàng ngày'!$M:$M,'Theo dõi khách hàng heo thịt'!C91) -> 0 | G91: =SUMIFS('Heo thịt_Nhập dữ liệu hàng ngày'!$AD:$AD,'Heo thịt_Nhập dữ liệu hàng ngày'!$M:$M,'Theo dõi khách hàng heo thịt'!C91) -> 0 | H91: =+G91-F91 -> 0 | I91: =+ABS(H91) -> 0 | J91: =+IF(I91>500000,"check","-") -> - | L91: =+H91*(-1) -> 0
B92: 88 | C92: =IFERROR(Data!C91,"") -> 0 | D92: =SUMIFS('Heo thịt_Nhập dữ liệu hàng ngày'!$U:$U,'Heo thịt_Nhập dữ liệu hàng ngày'!$M:$M,'Theo dõi khách hàng heo thịt'!C92) -> 0 | E92: =SUMIFS('Heo thịt_Nhập dữ liệu hàng ngày'!$AB:$AB,'Heo thịt_Nhập dữ liệu hàng ngày'!$M:$M,'Theo dõi khách hàng heo thịt'!C92) -> 0 | F92: =SUMIFS('Heo thịt_Nhập dữ liệu hàng ngày'!$AC:$AC,'Heo thịt_Nhập dữ liệu hàng ngày'!$M:$M,'Theo dõi khách hàng heo thịt'!C92) -> 0 | G92: =SUMIFS('Heo thịt_Nhập dữ liệu hàng ngày'!$AD:$AD,'Heo thịt_Nhập dữ liệu hàng ngày'!$M:$M,'Theo dõi khách hàng heo thịt'!C92) -> 0 | H92: =+G92-F92 -> 0 | I92: =+ABS(H92) -> 0 | J92: =+IF(I92>500000,"check","-") -> - | L92: =+H92*(-1) -> 0
B93: 89 | C93: =IFERROR(Data!C92,"") -> 0 | D93: =SUMIFS('Heo thịt_Nhập dữ liệu hàng ngày'!$U:$U,'Heo thịt_Nhập dữ liệu hàng ngày'!$M:$M,'Theo dõi khách hàng heo thịt'!C93) -> 0 | E93: =SUMIFS('Heo thịt_Nhập dữ liệu hàng ngày'!$AB:$AB,'Heo thịt_Nhập dữ liệu hàng ngày'!$M:$M,'Theo dõi khách hàng heo thịt'!C93) -> 0 | F93: =SUMIFS('Heo thịt_Nhập dữ liệu hàng ngày'!$AC:$AC,'Heo thịt_Nhập dữ liệu hàng ngày'!$M:$M,'Theo dõi khách hàng heo thịt'!C93) -> 0 | G93: =SUMIFS('Heo thịt_Nhập dữ liệu hàng ngày'!$AD:$AD,'Heo thịt_Nhập dữ liệu hàng ngày'!$M:$M,'Theo dõi khách hàng heo thịt'!C93) -> 0 | H93: =+G93-F93 -> 0 | I93: =+ABS(H93) -> 0 | J93: =+IF(I93>500000,"check","-") -> - | K93: Thiếu 29/7 | L93: =+H93*(-1) -> 0
B94: 90 | C94: =IFERROR(Data!C93,"") -> 0 | D94: =SUMIFS('Heo thịt_Nhập dữ liệu hàng ngày'!$U:$U,'Heo thịt_Nhập dữ liệu hàng ngày'!$M:$M,'Theo dõi khách hàng heo thịt'!C94) -> 0 | E94: =SUMIFS('Heo thịt_Nhập dữ liệu hàng ngày'!$AB:$AB,'Heo thịt_Nhập dữ liệu hàng ngày'!$M:$M,'Theo dõi khách hàng heo thịt'!C94) -> 0 | F94: =SUMIFS('Heo thịt_Nhập dữ liệu hàng ngày'!$AC:$AC,'Heo thịt_Nhập dữ liệu hàng ngày'!$M:$M,'Theo dõi khách hàng heo thịt'!C94) -> 0 | G94: =SUMIFS('Heo thịt_Nhập dữ liệu hàng ngày'!$AD:$AD,'Heo thịt_Nhập dữ liệu hàng ngày'!$M:$M,'Theo dõi khách hàng heo thịt'!C94) -> 0 | H94: =+G94-F94 -> 0 | I94: =+ABS(H94) -> 0 | J94: =+IF(I94>500000,"check","-") -> - | L94: =+H94*(-1) -> 0
B95: 91 | C95: =IFERROR(Data!C94,"") -> 0 | D95: =SUMIFS('Heo thịt_Nhập dữ liệu hàng ngày'!$U:$U,'Heo thịt_Nhập dữ liệu hàng ngày'!$M:$M,'Theo dõi khách hàng heo thịt'!C95) -> 0 | E95: =SUMIFS('Heo thịt_Nhập dữ liệu hàng ngày'!$AB:$AB,'Heo thịt_Nhập dữ liệu hàng ngày'!$M:$M,'Theo dõi khách hàng heo thịt'!C95) -> 0 | F95: =SUMIFS('Heo thịt_Nhập dữ liệu hàng ngày'!$AC:$AC,'Heo thịt_Nhập dữ liệu hàng ngày'!$M:$M,'Theo dõi khách hàng heo thịt'!C95) -> 0 | G95: =SUMIFS('Heo thịt_Nhập dữ liệu hàng ngày'!$AD:$AD,'Heo thịt_Nhập dữ liệu hàng ngày'!$M:$M,'Theo dõi khách hàng heo thịt'!C95) -> 0 | H95: =+G95-F95 -> 0 | I95: =+ABS(H95) -> 0 | J95: =+IF(I95>500000,"check","-") -> - | L95: =+H95*(-1) -> 0
B96: 92 | C96: =IFERROR(Data!C95,"") -> 0 | D96: =SUMIFS('Heo thịt_Nhập dữ liệu hàng ngày'!$U:$U,'Heo thịt_Nhập dữ liệu hàng ngày'!$M:$M,'Theo dõi khách hàng heo thịt'!C96) -> 0 | E96: =SUMIFS('Heo thịt_Nhập dữ liệu hàng ngày'!$AB:$AB,'Heo thịt_Nhập dữ liệu hàng ngày'!$M:$M,'Theo dõi khách hàng heo thịt'!C96) -> 0 | F96: =SUMIFS('Heo thịt_Nhập dữ liệu hàng ngày'!$AC:$AC,'Heo thịt_Nhập dữ liệu hàng ngày'!$M:$M,'Theo dõi khách hàng heo thịt'!C96) -> 0 | G96: =SUMIFS('Heo thịt_Nhập dữ liệu hàng ngày'!$AD:$AD,'Heo thịt_Nhập dữ liệu hàng ngày'!$M:$M,'Theo dõi khách hàng heo thịt'!C96) -> 0 | H96: =+G96-F96 -> 0 | I96: =+ABS(H96) -> 0 | J96: =+IF(I96>500000,"check","-") -> - | L96: =+H96*(-1) -> 0
B97: 93 | C97: =IFERROR(Data!C96,"") -> 0 | D97: =SUMIFS('Heo thịt_Nhập dữ liệu hàng ngày'!$U:$U,'Heo thịt_Nhập dữ liệu hàng ngày'!$M:$M,'Theo dõi khách hàng heo thịt'!C97) -> 0 | E97: =SUMIFS('Heo thịt_Nhập dữ liệu hàng ngày'!$AB:$AB,'Heo thịt_Nhập dữ liệu hàng ngày'!$M:$M,'Theo dõi khách hàng heo thịt'!C97) -> 0 | F97: =SUMIFS('Heo thịt_Nhập dữ liệu hàng ngày'!$AC:$AC,'Heo thịt_Nhập dữ liệu hàng ngày'!$M:$M,'Theo dõi khách hàng heo thịt'!C97) -> 0 | G97: =SUMIFS('Heo thịt_Nhập dữ liệu hàng ngày'!$AD:$AD,'Heo thịt_Nhập dữ liệu hàng ngày'!$M:$M,'Theo dõi khách hàng heo thịt'!C97) -> 0 | H97: =+G97-F97 -> 0 | I97: =+ABS(H97) -> 0 | J97: =+IF(I97>500000,"check","-") -> - | L97: =+H97*(-1) -> 0
B98: 94 | C98: =IFERROR(Data!C97,"") -> 0 | D98: =SUMIFS('Heo thịt_Nhập dữ liệu hàng ngày'!$U:$U,'Heo thịt_Nhập dữ liệu hàng ngày'!$M:$M,'Theo dõi khách hàng heo thịt'!C98) -> 0 | E98: =SUMIFS('Heo thịt_Nhập dữ liệu hàng ngày'!$AB:$AB,'Heo thịt_Nhập dữ liệu hàng ngày'!$M:$M,'Theo dõi khách hàng heo thịt'!C98) -> 0 | F98: =SUMIFS('Heo thịt_Nhập dữ liệu hàng ngày'!$AC:$AC,'Heo thịt_Nhập dữ liệu hàng ngày'!$M:$M,'Theo dõi khách hàng heo thịt'!C98) -> 0 | G98: =SUMIFS('Heo thịt_Nhập dữ liệu hàng ngày'!$AD:$AD,'Heo thịt_Nhập dữ liệu hàng ngày'!$M:$M,'Theo dõi khách hàng heo thịt'!C98) -> 0 | H98: =+G98-F98 -> 0 | I98: =+ABS(H98) -> 0 | J98: =+IF(I98>500000,"check","-") -> - | L98: =+H98*(-1) -> 0
B99: 95 | C99: =IFERROR(Data!C98,"") -> 0 | D99: =SUMIFS('Heo thịt_Nhập dữ liệu hàng ngày'!$U:$U,'Heo thịt_Nhập dữ liệu hàng ngày'!$M:$M,'Theo dõi khách hàng heo thịt'!C99) -> 0 | E99: =SUMIFS('Heo thịt_Nhập dữ liệu hàng ngày'!$AB:$AB,'Heo thịt_Nhập dữ liệu hàng ngày'!$M:$M,'Theo dõi khách hàng heo thịt'!C99) -> 0 | F99: =SUMIFS('Heo thịt_Nhập dữ liệu hàng ngày'!$AC:$AC,'Heo thịt_Nhập dữ liệu hàng ngày'!$M:$M,'Theo dõi khách hàng heo thịt'!C99) -> 0 | G99: =SUMIFS('Heo thịt_Nhập dữ liệu hàng ngày'!$AD:$AD,'Heo thịt_Nhập dữ liệu hàng ngày'!$M:$M,'Theo dõi khách hàng heo thịt'!C99) -> 0 | H99: =+G99-F99 -> 0 | I99: =+ABS(H99) -> 0 | J99: =+IF(I99>500000,"check","-") -> - | L99: =+H99*(-1) -> 0
B100: 96 | C100: =IFERROR(Data!C99,"") -> 0 | D100: =SUMIFS('Heo thịt_Nhập dữ liệu hàng ngày'!$U:$U,'Heo thịt_Nhập dữ liệu hàng ngày'!$M:$M,'Theo dõi khách hàng heo thịt'!C100) -> 0 | E100: =SUMIFS('Heo thịt_Nhập dữ liệu hàng ngày'!$AB:$AB,'Heo thịt_Nhập dữ liệu hàng ngày'!$M:$M,'Theo dõi khách hàng heo thịt'!C100) -> 0 | F100: =SUMIFS('Heo thịt_Nhập dữ liệu hàng ngày'!$AC:$AC,'Heo thịt_Nhập dữ liệu hàng ngày'!$M:$M,'Theo dõi khách hàng heo thịt'!C100) -> 0 | G100: =SUMIFS('Heo thịt_Nhập dữ liệu hàng ngày'!$AD:$AD,'Heo thịt_Nhập dữ liệu hàng ngày'!$M:$M,'Theo dõi khách hàng heo thịt'!C100) -> 0 | H100: =+G100-F100 -> 0 | I100: =+ABS(H100) -> 0 | J100: =+IF(I100>500000,"check","-") -> - | L100: =+H100*(-1) -> 0
...

Sheet BÁO CÁO KẾ TOÁN
B2: NHẬP BÁN LỢN HÀNG NGÀY
B3: TỔNG THÁNG | H3: Số con | I3: Số KG | J3: Kg TB | K3: Thành tiền | L3: Thu tiền mặt | M3: Chuyển khoản | N3: Tổng đã trả công ty | O3: =+IF(O4>0, "ĐANG NỢ", "ĐANG DƯ") -> ĐANG DƯ | P3: Ghí chú
H4: =+SUM(H16:H1048576) -> 0 | I4: =+IFERROR(SUM(I16:I1048576),"-") -> 0 | J4: =IFERROR(+I4/H4,"-") -> - | K4: =+SUM(K16:K1048576) -> 0 | L4: =+SUM(L16:L1048576) -> 0 | M4: =+SUM(M8:M1048576) -> 0 | N4: =+L4+M4 -> 0 | O4: =+K4-N4 -> 0
B5: TỔNG NGÀY | G5: 44593 | H5: =IFERROR(SUMIFS(H16:H20000,$C$16:$C$20000,G5),"-") -> 0 | I5: =IFERROR(+SUMIFS(I16:I20000,$C$16:$C$20000,G5),"_") -> 0 | J5: =IFERROR(+I5/H5,"-") -> - | K5: =IFERROR(SUMIFS(K16:K20000,$C$16:$C$20000,G5),"-") -> 0 | L5: =IFERROR(+SUMIFS(L16:L20000,$C$16:$C$20000,G5),"-") -> 0 | M5: =IFERROR(+SUMIFS(M16:M20000,$C$16:$C$20000,G5),"-") -> 0 | N5: =IFERROR(+SUMIFS(N16:N20000,$C$16:$C$20000,H5),"-") -> 0
B7: STT | C7: Ngày | D7: Tên Trại | E7: Khách Hàng | F7: Địa chỉ | G7: Phân loại | H7: Số con | I7: Số KG | J7: Kg TB | K7: Thành tiền | L7: Thu tiền mặt | M7: Chuyển khoản | N7: Đã trả | O7: Thực tế | P7: Ghí chú
B8: 1 | F8: =+IFERROR(VLOOKUP(E8,Data!C4:D99,2,0),"") | J8: =IFERROR(+I8/H8,"-") -> - | N8: =+L8+M8 -> 0 | O8: =+N8-K8 -> 0
B9: 2 | F9: =+IFERROR(VLOOKUP(E9,Data!C5:D100,2,0),"") | J9: =IFERROR(+I9/H9,"-") -> - | N9: =+L9+M9 -> 0 | O9: =+N9-K9 -> 0
B10: 3 | F10: =+IFERROR(VLOOKUP(E10,Data!C6:D101,2,0),"") | J10: =IFERROR(+I10/H10,"-") -> - | N10: =+L10+M10 -> 0 | O10: =+N10-K10 -> 0
B11: 4 | F11: =+IFERROR(VLOOKUP(E11,Data!C7:D102,2,0),"") | J11: =IFERROR(+I11/H11,"-") -> - | N11: =+L11+M11 -> 0 | O11: =+N11-K11 -> 0
B12: 5 | F12: =+IFERROR(VLOOKUP(E12,Data!C8:D103,2,0),"") | J12: =IFERROR(+I12/H12,"-") -> - | N12: =+L12+M12 -> 0 | O12: =+N12-K12 -> 0
B13: 6 | F13: =+IFERROR(VLOOKUP(E13,Data!C9:D104,2,0),"") | J13: =IFERROR(+I13/H13,"-") -> - | N13: =+L13+M13 -> 0 | O13: =+N13-K13 -> 0
B14: 7 | F14: =+IFERROR(VLOOKUP(E14,Data!C10:D105,2,0),"") | J14: =IFERROR(+I14/H14,"-") -> - | N14: =+L14+M14 -> 0 | O14: =+N14-K14 -> 0
B15: 8 | F15: =+IFERROR(VLOOKUP(E15,Data!C11:D106,2,0),"") | J15: =IFERROR(+I15/H15,"-") -> - | N15: =+L15+M15 -> 0 | O15: =+N15-K15 -> 0
B16: 9 | F16: =+IFERROR(VLOOKUP(E16,Data!C12:D107,2,0),"") | J16: =IFERROR(+I16/H16,"-") -> - | N16: =+L16+M16 -> 0 | O16: =+N16-K16 -> 0
B17: 10 | F17: =+IFERROR(VLOOKUP(E17,Data!C13:D108,2,0),"") | J17: =IFERROR(+I17/H17,"-") -> - | N17: =+L17+M17 -> 0 | O17: =+N17-K17 -> 0
B18: 11 | F18: =+IFERROR(VLOOKUP(E18,Data!C14:D109,2,0),"") | J18: =IFERROR(+I18/H18,"-") -> - | N18: =+L18+M18 -> 0 | O18: =+N18-K18 -> 0
B19: 12 | F19: =+IFERROR(VLOOKUP(E19,Data!C15:D110,2,0),"") | J19: =IFERROR(+I19/H19,"-") -> - | N19: =+L19+M19 -> 0 | O19: =+N19-K19 -> 0
... B1336: 1329 | F1336: =+IFERROR(VLOOKUP(E1336,Data!C1332:D1427,2,0),"") | J1336: =IFERROR(+I1336/H1336,"-") -> - | N1336: =+L1336+M1336 -> 0 | O1336: =+N1336-K1336 -> 0
F1337: =+IFERROR(VLOOKUP(E1337,Data!C1333:D1428,2,0),"") | J1337: =IFERROR(+I1337/H1337,"-") -> - | N1337: =+L1337+M1337 -> 0 | O1337: =+N1337-K1337 -> 0
F1338: =+IFERROR(VLOOKUP(E1338,Data!C1334:D1429,2,0),"") | J1338: =IFERROR(+I1338/H1338,"-") -> - | N1338: =+L1338+M1338 -> 0 | O1338: =+N1338-K1338 -> 0

Sheet Heo thịt_Nhập dữ liệu hàng ngày
I1: nút lọc | J1: Ctrl+Shift+L | M1: =IF(L1="",K1,K1&","&L1) -> 0 | N1: =VALUE(RIGHT(M1,2))*1000 -> 0 | P1: CHỈ NHẬP CỘT BÔI VÀNG | Y1: =SUBTOTAL(9,$Y$13:$Y$1448) -> 0 | Z1: =SUBTOTAL(9,$Z$13:$Z$1448) -> 0 | AA1: =SUBTOTAL(9,$AA$13:$AA$1448) -> 0
S2: THEO DÕI KINH DOANH LỢN
B3: TỔNG | D3: =SUM(D5:D48) -> 0 | E3: =SUM(E5:E48) -> 0 | F3: =SUM(F5:F48) -> 0 | G3: =SUM(G5:G48) -> 0 | H3: =SUM(H5:H48) -> 0 | I3: Nhóm trại | J3: STT | K3: Ngày | L3: Tên trại | M3: Khách hàng | N3: Đia chỉ | O3: Phân loại | P3: Số con | Q3: Trọng lượng (kg) | R3: TLTB (Kg/con) | S3: Giá bán | T3: Giá bán Hậu bị | U3: Doanh thu | V3: Giá nhập | W3: Giá nhập hậu bị | X3: Công nợ cty | Y3: Thu tiền mặt | Z3: Chuyển khoản cá nhân | AA3: Chuyển khoản công ty | AB3: Tổng đã trả | AC3: Còn nợ | AD3: Dư | AE3: Ghi chú | AF3: Nhóm trại
I4: =+AF4 | J4: 1 | N4: =IFERROR(VLOOKUP(M4,Data!$C$4:$D$395,2,0),"") | R4: =IFERROR(Q4/P4, "-") -> - | U4: =+Q4*S4+P4*T4 -> 0 | V4: 0 | X4: =+Q4*V4+P4*W4 -> 0 | AB4: =+Y4+Z4+AA4 -> 0 | AC4: =IF((U4-Y4-Z4-AA4)<0,"",(U4-Y4-Z4-AA4)) -> 0 | AD4: =IF((U4-Y4-Z4-AA4)<0,(Y4+Z4+AA4-U4),"") | AF4: =+IFERROR(VLOOKUP(L4,Data!$F$4:$G$97,2,0),"")
I5: =+AF5 -> RTD | J5: =J4+1 -> 2 | K5: 45941 | L5: Bắc Giang Thịt | M5: nguyễn hữu viết | N5: =IFERROR(VLOOKUP(M5,Data!$C$4:$D$395,2,0),"") -> quảng ninh | O5: 3 máu | P5: 100 | Q5: 10000 | R5: =IFERROR(Q5/P5, "-") -> 100 | S5: 53000 | U5: =+Q5*S5+P5*T5 -> 530000000 | V5: 0 | X5: =+Q5*V5+P5*W5 -> 0 | Y5: 5000000 | Z5: 5000000 | AB5: =+Y5+Z5+AA5 -> 10000000 | AC5: =IF((U5-Y5-Z5-AA5)<0,"",(U5-Y5-Z5-AA5)) -> 520000000 | AD5: =IF((U5-Y5-Z5-AA5)<0,(Y5+Z5+AA5-U5),"") | AF5: =+IFERROR(VLOOKUP(L5,Data!$F$4:$G$97,2,0),"") -> RTD
I6: =+AF6 -> RTD | J6: =J5+1 -> 3 | K6: 45941 | L6: Bắc Giang Thịt | M6: nguyễn hữu viết | N6: =IFERROR(VLOOKUP(M6,Data!$C$4:$D$395,2,0),"") -> quảng ninh | O6: 2 máu | P6: 5 | Q6: 505 | R6: =IFERROR(Q6/P6, "-") -> 101 | S6: 50000 | U6: =+Q6*S6+P6*T6 -> 25250000 | V6: 0 | X6: =+Q6*V6+P6*W6 -> 0 | AB6: =+Y6+Z6+AA6 -> 0 | AC6: =IF((U6-Y6-Z6-AA6)<0,"",(U6-Y6-Z6-AA6)) -> 25250000 | AD6: =IF((U6-Y6-Z6-AA6)<0,(Y6+Z6+AA6-U6),"") | AF6: =+IFERROR(VLOOKUP(L6,Data!$F$4:$G$97,2,0),"") -> RTD
I7: =+AF7 | J7: =J6+1 -> 4 | N7: =IFERROR(VLOOKUP(M7,Data!$C$4:$D$395,2,0),"") | R7: =IFERROR(Q7/P7, "-") -> - | U7: =+Q7*S7+P7*T7 -> 0 | V7: 0 | X7: =+Q7*V7+P7*W7 -> 0 | AB7: =+Y7+Z7+AA7 -> 0 | AC7: =IF((U7-Y7-Z7-AA7)<0,"",(U7-Y7-Z7-AA7)) -> 0 | AD7: =IF((U7-Y7-Z7-AA7)<0,(Y7+Z7+AA7-U7),"") | AF7: =+IFERROR(VLOOKUP(L7,Data!$F$4:$G$97,2,0),"")
I8: =+AF8 | J8: =J7+1 -> 5 | N8: =IFERROR(VLOOKUP(M8,Data!$C$4:$D$395,2,0),"") | R8: =IFERROR(Q8/P8, "-") -> - | U8: =+Q8*S8+P8*T8 -> 0 | V8: 0 | X8: =+Q8*V8+P8*W8 -> 0 | AB8: =+Y8+Z8+AA8 -> 0 | AC8: =IF((U8-Y8-Z8-AA8)<0,"",(U8-Y8-Z8-AA8)) -> 0 | AD8: =IF((U8-Y8-Z8-AA8)<0,(Y8+Z8+AA8-U8),"") | AF8: =+IFERROR(VLOOKUP(L8,Data!$F$4:$G$97,2,0),"")
I9: =+AF9 -> Tiger | J9: =J8+1 -> 6 | K9: 45942 | L9: Yên Bái | M9: nguyễn văn tân | N9: =IFERROR(VLOOKUP(M9,Data!$C$4:$D$395,2,0),"") -> bắc giang | P9: 150 | Q9: 18000 | R9: =IFERROR(Q9/P9, "-") -> 120 | S9: 54000 | U9: =+Q9*S9+P9*T9 -> 972000000 | V9: 0 | X9: =+Q9*V9+P9*W9 -> 0 | AB9: =+Y9+Z9+AA9 -> 0 | AC9: =IF((U9-Y9-Z9-AA9)<0,"",(U9-Y9-Z9-AA9)) -> 972000000 | AD9: =IF((U9-Y9-Z9-AA9)<0,(Y9+Z9+AA9-U9),"") | AF9: =+IFERROR(VLOOKUP(L9,Data!$F$4:$G$97,2,0),"") -> Tiger
I10: =+AF10 | J10: =J9+1 -> 7 | N10: =IFERROR(VLOOKUP(M10,Data!$C$4:$D$395,2,0),"") | R10: =IFERROR(Q10/P10, "-") -> - | U10: =+Q10*S10+P10*T10 -> 0 | V10: 0 | X10: =+Q10*V10+P10*W10 -> 0 | AB10: =+Y10+Z10+AA10 -> 0 | AC10: =IF((U10-Y10-Z10-AA10)<0,"",(U10-Y10-Z10-AA10)) -> 0 | AD10: =IF((U10-Y10-Z10-AA10)<0,(Y10+Z10+AA10-U10),"") | AF10: =+IFERROR(VLOOKUP(L10,Data!$F$4:$G$97,2,0),"")
I11: =+AF11 | J11: =J10+1 -> 8 | N11: =IFERROR(VLOOKUP(M11,Data!$C$4:$D$395,2,0),"") | R11: =IFERROR(Q11/P11, "-") -> - | U11: =+Q11*S11+P11*T11 -> 0 | V11: 0 | X11: =+Q11*V11+P11*W11 -> 0 | AB11: =+Y11+Z11+AA11 -> 0 | AC11: =IF((U11-Y11-Z11-AA11)<0,"",(U11-Y11-Z11-AA11)) -> 0 | AD11: =IF((U11-Y11-Z11-AA11)<0,(Y11+Z11+AA11-U11),"") | AF11: =+IFERROR(VLOOKUP(L11,Data!$F$4:$G$97,2,0),"")
I12: =+AF12 | J12: =J11+1 -> 9 | N12: =IFERROR(VLOOKUP(M12,Data!$C$4:$D$395,2,0),"") | R12: =IFERROR(Q12/P12, "-") -> - | U12: =+Q12*S12+P12*T12 -> 0 | V12: 0 | X12: =+Q12*V12+P12*W12 -> 0 | AB12: =+Y12+Z12+AA12 -> 0 | AC12: =IF((U12-Y12-Z12-AA12)<0,"",(U12-Y12-Z12-AA12)) -> 0 | AD12: =IF((U12-Y12-Z12-AA12)<0,(Y12+Z12+AA12-U12),"") | AF12: =+IFERROR(VLOOKUP(L12,Data!$F$4:$G$97,2,0),"")
I13: =+AF13 | J13: =J12+1 -> 10 | N13: =IFERROR(VLOOKUP(M13,Data!$C$4:$D$395,2,0),"") | R13: =IFERROR(Q13/P13, "-") -> - | U13: =+Q13*S13+P13*T13 -> 0 | V13: 0 | X13: =+Q13*V13+P13*W13 -> 0 | AB13: =+Y13+Z13+AA13 -> 0 | AC13: =IF((U13-Y13-Z13-AA13)<0,"",(U13-Y13-Z13-AA13)) -> 0 | AD13: =IF((U13-Y13-Z13-AA13)<0,(Y13+Z13+AA13-U13),"") | AF13: =+IFERROR(VLOOKUP(L13,Data!$F$4:$G$97,2,0),"")
I14: =+AF14 | J14: =J13+1 -> 11 | N14: =IFERROR(VLOOKUP(M14,Data!$C$4:$D$395,2,0),"") | R14: =IFERROR(Q14/P14, "-") -> - | U14: =+Q14*S14+P14*T14 -> 0 | V14: 0 | X14: =+Q14*V14+P14*W14 -> 0 | AB14: =+Y14+Z14+AA14 -> 0 | AC14: =IF((U14-Y14-Z14-AA14)<0,"",(U14-Y14-Z14-AA14)) -> 0 | AD14: =IF((U14-Y14-Z14-AA14)<0,(Y14+Z14+AA14-U14),"") | AF14: =+IFERROR(VLOOKUP(L14,Data!$F$4:$G$97,2,0),"")
I15: =+AF15 | J15: =J14+1 -> 12 | N15: =IFERROR(VLOOKUP(M15,Data!$C$4:$D$395,2,0),"") | R15: =IFERROR(Q15/P15, "-") -> - | U15: =+Q15*S15+P15*T15 -> 0 | V15: 0 | X15: =+Q15*V15+P15*W15 -> 0 | AB15: =+Y15+Z15+AA15 -> 0 | AC15: =IF((U15-Y15-Z15-AA15)<0,"",(U15-Y15-Z15-AA15)) -> 0 | AD15: =IF((U15-Y15-Z15-AA15)<0,(Y15+Z15+AA15-U15),"") | AF15: =+IFERROR(VLOOKUP(L15,Data!$F$4:$G$97,2,0),"")
I16: =+AF16 | J16: =J15+1 -> 13 | N16: =IFERROR(VLOOKUP(M16,Data!$C$4:$D$395,2,0),"") | R16: =IFERROR(Q16/P16, "-") -> - | U16: =+Q16*S16+P16*T16 -> 0 | V16: 0 | X16: =+Q16*V16+P16*W16 -> 0 | AB16: =+Y16+Z16+AA16 -> 0 | AC16: =IF((U16-Y16-Z16-AA16)<0,"",(U16-Y16-Z16-AA16)) -> 0 | AD16: =IF((U16-Y16-Z16-AA16)<0,(Y16+Z16+AA16-U16),"") | AF16: =+IFERROR(VLOOKUP(L16,Data!$F$4:$G$97,2,0),"")
I17: =+AF17 | J17: =J16+1 -> 14 | N17: =IFERROR(VLOOKUP(M17,Data!$C$4:$D$395,2,0),"") | R17: =IFERROR(Q17/P17, "-") -> - | U17: =+Q17*S17+P17*T17 -> 0 | V17: 0 | X17: =+Q17*V17+P17*W17 -> 0 | AB17: =+Y17+Z17+AA17 -> 0 | AC17: =IF((U17-Y17-Z17-AA17)<0,"",(U17-Y17-Z17-AA17)) -> 0 | AD17: =IF((U17-Y17-Z17-AA17)<0,(Y17+Z17+AA17-U17),"") | AF17: =+IFERROR(VLOOKUP(L17,Data!$F$4:$G$97,2,0),"")
I18: =+AF18 | J18: =J17+1 -> 15 | N18: =IFERROR(VLOOKUP(M18,Data!$C$4:$D$395,2,0),"") | R18: =IFERROR(Q18/P18, "-") -> - | U18: =+Q18*S18+P18*T18 -> 0 | V18: 0 | X18: =+Q18*V18+P18*W18 -> 0 | AB18: =+Y18+Z18+AA18 -> 0 | AC18: =IF((U18-Y18-Z18-AA18)<0,"",(U18-Y18-Z18-AA18)) -> 0 | AD18: =IF((U18-Y18-Z18-AA18)<0,(Y18+Z18+AA18-U18),"") | AF18: =+IFERROR(VLOOKUP(L18,Data!$F$4:$G$97,2,0),"")
I19: =+AF19 | J19: =J18+1 -> 16 | N19: =IFERROR(VLOOKUP(M19,Data!$C$4:$D$395,2,0),"") | R19: =IFERROR(Q19/P19, "-") -> - | U19: =+Q19*S19+P19*T19 -> 0 | V19: 0 | X19: =+Q19*V19+P19*W19 -> 0 | AB19: =+Y19+Z19+AA19 -> 0 | AC19: =IF((U19-Y19-Z19-AA19)<0,"",(U19-Y19-Z19-AA19)) -> 0 | AD19: =IF((U19-Y19-Z19-AA19)<0,(Y19+Z19+AA19-U19),"") | AF19: =+IFERROR(VLOOKUP(L19,Data!$F$4:$G$97,2,0),"")
I20: =+AF20 | J20: =J19+1 -> 17 | N20: =IFERROR(VLOOKUP(M20,Data!$C$4:$D$395,2,0),"") | R20: =IFERROR(Q20/P20, "-") -> - | U20: =+Q20*S20+P20*T20 -> 0 | V20: 0 | X20: =+Q20*V20+P20*W20 -> 0 | AB20: =+Y20+Z20+AA20 -> 0 | AC20: =IF((U20-Y20-Z20-AA20)<0,"",(U20-Y20-Z20-AA20)) -> 0 | AD20: =IF((U20-Y20-Z20-AA20)<0,(Y20+Z20+AA20-U20),"") | AF20: =+IFERROR(VLOOKUP(L20,Data!$F$4:$G$97,2,0),"")
I21: =+AF21 | J21: =J20+1 -> 18 | N21: =IFERROR(VLOOKUP(M21,Data!$C$4:$D$395,2,0),"") | R21: =IFERROR(Q21/P21, "-") -> - | U21: =+Q21*S21+P21*T21 -> 0 | V21: 0 | X21: =+Q21*V21+P21*W21 -> 0 | AB21: =+Y21+Z21+AA21 -> 0 | AC21: =IF((U21-Y21-Z21-AA21)<0,"",(U21-Y21-Z21-AA21)) -> 0 | AD21: =IF((U21-Y21-Z21-AA21)<0,(Y21+Z21+AA21-U21),"") | AF21: =+IFERROR(VLOOKUP(L21,Data!$F$4:$G$97,2,0),"")
... I66: =+AF66 | J66: =J65+1 -> 63 | N66: =IFERROR(VLOOKUP(M66,Data!$C$4:$D$395,2,0),"") | R66: =IFERROR(Q66/P66, "-") -> - | U66: =+Q66*S66+P66*T66 -> 0 | V66: 0 | X66: =+Q66*V66+P66*W66 -> 0 | AB66: =+Y66+Z66+AA66 -> 0 | AC66: =IF((U66-Y66-Z66-AA66)<0,"",(U66-Y66-Z66-AA66)) -> 0 | AD66: =IF((U66-Y66-Z66-AA66)<0,(Y66+Z66+AA66-U66),"") | AF66: =+IFERROR(VLOOKUP(L66,Data!$F$4:$G$97,2,0),"")
I67: =+AF67 | J67: =J66+1 -> 64 | R67: =IFERROR(Q67/P67, "-") -> - | U67: =+Q67*S67+P67*T67 -> 0 | V67: 0 | X67: =+Q67*V67+P67*W67 -> 0 | AB67: =+Y67+Z67+AA67 -> 0 | AC67: =IF((U67-Y67-Z67-AA67)<0,"",(U67-Y67-Z67-AA67)) -> 0 | AD67: =IF((U67-Y67-Z67-AA67)<0,(Y67+Z67+AA67-U67),"") | AF67: =+IFERROR(VLOOKUP(L67,Data!$F$4:$G$97,2,0),"")
I68: =+AF68 | J68: =J67+1 -> 65 | N68: =IFERROR(VLOOKUP(M68,Data!$C$4:$D$395,2,0),"") | R68: =IFERROR(Q68/P68, "-") -> - | U68: =+Q68*S68+P68*T68 -> 0 | V68: 0 | X68: =+Q68*V68+P68*W68 -> 0 | AB68: =+Y68+Z68+AA68 -> 0 | AC68: =IF((U68-Y68-Z68-AA68)<0,"",(U68-Y68-Z68-AA68)) -> 0 | AD68: =IF((U68-Y68-Z68-AA68)<0,(Y68+Z68+AA68-U68),"") | AF68: =+IFERROR(VLOOKUP(L68,Data!$F$4:$G$97,2,0),"")
I69: =+AF69 | J69: =J68+1 -> 66 | N69: =IFERROR(VLOOKUP(M69,Data!$C$4:$D$395,2,0),"") | R69: =IFERROR(Q69/P69, "-") -> - | U69: =+Q69*S69+P69*T69 -> 0 | V69: 0 | X69: =+Q69*V69+P69*W69 -> 0 | AB69: =+Y69+Z69+AA69 -> 0 | AC69: =IF((U69-Y69-Z69-AA69)<0,"",(U69-Y69-Z69-AA69)) -> 0 | AD69: =IF((U69-Y69-Z69-AA69)<0,(Y69+Z69+AA69-U69),"") | AF69: =+IFERROR(VLOOKUP(L69,Data!$F$4:$G$97,2,0),"")
I70: =+AF70 | J70: =J69+1 -> 67 | N70: =IFERROR(VLOOKUP(M70,Data!$C$4:$D$395,2,0),"") | R70: =IFERROR(Q70/P70, "-") -> - | U70: =+Q70*S70+P70*T70 -> 0 | V70: 0 | X70: =+Q70*V70+P70*W70 -> 0 | AB70: =+Y70+Z70+AA70 -> 0 | AC70: =IF((U70-Y70-Z70-AA70)<0,"",(U70-Y70-Z70-AA70)) -> 0 | AD70: =IF((U70-Y70-Z70-AA70)<0,(Y70+Z70+AA70-U70),"") | AF70: =+IFERROR(VLOOKUP(L70,Data!$F$4:$G$97,2,0),"")
I71: =+AF71 | J71: =J70+1 -> 68 | N71: =IFERROR(VLOOKUP(M71,Data!$C$4:$D$395,2,0),"") | R71: =IFERROR(Q71/P71, "-") -> - | U71: =+Q71*S71+P71*T71 -> 0 | V71: 0 | X71: =+Q71*V71+P71*W71 -> 0 | AB71: =+Y71+Z71+AA71 -> 0 | AC71: =IF((U71-Y71-Z71-AA71)<0,"",(U71-Y71-Z71-AA71)) -> 0 | AD71: =IF((U71-Y71-Z71-AA71)<0,(Y71+Z71+AA71-U71),"") | AF71: =+IFERROR(VLOOKUP(L71,Data!$F$4:$G$97,2,0),"")
I72: =+AF72 | J72: =J71+1 -> 69 | N72: =IFERROR(VLOOKUP(M72,Data!$C$4:$D$395,2,0),"") | R72: =IFERROR(Q72/P72, "-") -> - | U72: =+Q72*S72+P72*T72 -> 0 | V72: 0 | X72: =+Q72*V72+P72*W72 -> 0 | AB72: =+Y72+Z72+AA72 -> 0 | AC72: =IF((U72-Y72-Z72-AA72)<0,"",(U72-Y72-Z72-AA72)) -> 0 | AD72: =IF((U72-Y72-Z72-AA72)<0,(Y72+Z72+AA72-U72),"") | AF72: =+IFERROR(VLOOKUP(L72,Data!$F$4:$G$97,2,0),"")
I73: =+AF73 | J73: =J72+1 -> 70 | N73: =IFERROR(VLOOKUP(M73,Data!$C$4:$D$395,2,0),"") | R73: =IFERROR(Q73/P73, "-") -> - | U73: =+Q73*S73+P73*T73 -> 0 | V73: 0 | X73: =+Q73*V73+P73*W73 -> 0 | AB73: =+Y73+Z73+AA73 -> 0 | AC73: =IF((U73-Y73-Z73-AA73)<0,"",(U73-Y73-Z73-AA73)) -> 0 | AD73: =IF((U73-Y73-Z73-AA73)<0,(Y73+Z73+AA73-U73),"") | AF73: =+IFERROR(VLOOKUP(L73,Data!$F$4:$G$97,2,0),"")
I74: =+AF74 | J74: =J73+1 -> 71 | N74: =IFERROR(VLOOKUP(M74,Data!$C$4:$D$395,2,0),"") | R74: =IFERROR(Q74/P74, "-") -> - | U74: =+Q74*S74+P74*T74 -> 0 | V74: 0 | X74: =+Q74*V74+P74*W74 -> 0 | AB74: =+Y74+Z74+AA74 -> 0 | AC74: =IF((U74-Y74-Z74-AA74)<0,"",(U74-Y74-Z74-AA74)) -> 0 | AD74: =IF((U74-Y74-Z74-AA74)<0,(Y74+Z74+AA74-U74),"") | AF74: =+IFERROR(VLOOKUP(L74,Data!$F$4:$G$97,2,0),"")
I75: =+AF75 | J75: =J74+1 -> 72 | N75: =IFERROR(VLOOKUP(M75,Data!$C$4:$D$395,2,0),"") | R75: =IFERROR(Q75/P75, "-") -> - | U75: =+Q75*S75+P75*T75 -> 0 | V75: 0 | X75: =+Q75*V75+P75*W75 -> 0 | AB75: =+Y75+Z75+AA75 -> 0 | AC75: =IF((U75-Y75-Z75-AA75)<0,"",(U75-Y75-Z75-AA75)) -> 0 | AD75: =IF((U75-Y75-Z75-AA75)<0,(Y75+Z75+AA75-U75),"") | AF75: =+IFERROR(VLOOKUP(L75,Data!$F$4:$G$97,2,0),"")
I76: =+AF76 | J76: =J75+1 -> 73 | N76: =IFERROR(VLOOKUP(M76,Data!$C$4:$D$395,2,0),"") | R76: =IFERROR(Q76/P76, "-") -> - | U76: =+Q76*S76+P76*T76 -> 0 | V76: 0 | X76: =+Q76*V76+P76*W76 -> 0 | AB76: =+Y76+Z76+AA76 -> 0 | AC76: =IF((U76-Y76-Z76-AA76)<0,"",(U76-Y76-Z76-AA76)) -> 0 | AD76: =IF((U76-Y76-Z76-AA76)<0,(Y76+Z76+AA76-U76),"") | AF76: =+IFERROR(VLOOKUP(L76,Data!$F$4:$G$97,2,0),"")
I77: =+AF77 | J77: =J76+1 -> 74 | N77: =IFERROR(VLOOKUP(M77,Data!$C$4:$D$395,2,0),"") | R77: =IFERROR(Q77/P77, "-") -> - | U77: =+Q77*S77+P77*T77 -> 0 | V77: 0 | X77: =+Q77*V77+P77*W77 -> 0 | AB77: =+Y77+Z77+AA77 -> 0 | AC77: =IF((U77-Y77-Z77-AA77)<0,"",(U77-Y77-Z77-AA77)) -> 0 | AD77: =IF((U77-Y77-Z77-AA77)<0,(Y77+Z77+AA77-U77),"") | AF77: =+IFERROR(VLOOKUP(L77,Data!$F$4:$G$97,2,0),"")
I78: =+AF78 | J78: =J77+1 -> 75 | N78: =IFERROR(VLOOKUP(M78,Data!$C$4:$D$395,2,0),"") | R78: =IFERROR(Q78/P78, "-") -> - | U78: =+Q78*S78+P78*T78 -> 0 | V78: 0 | X78: =+Q78*V78+P78*W78 -> 0 | AB78: =+Y78+Z78+AA78 -> 0 | AC78: =IF((U78-Y78-Z78-AA78)<0,"",(U78-Y78-Z78-AA78)) -> 0 | AD78: =IF((U78-Y78-Z78-AA78)<0,(Y78+Z78+AA78-U78),"") | AF78: =+IFERROR(VLOOKUP(L78,Data!$F$4:$G$97,2,0),"")
I79: =+AF79 | J79: =J78+1 -> 76 | N79: =IFERROR(VLOOKUP(M79,Data!$C$4:$D$395,2,0),"") | R79: =IFERROR(Q79/P79, "-") -> - | U79: =+Q79*S79+P79*T79 -> 0 | V79: 0 | X79: =+Q79*V79+P79*W79 -> 0 | AB79: =+Y79+Z79+AA79 -> 0 | AC79: =IF((U79-Y79-Z79-AA79)<0,"",(U79-Y79-Z79-AA79)) -> 0 | AD79: =IF((U79-Y79-Z79-AA79)<0,(Y79+Z79+AA79-U79),"") | AF79: =+IFERROR(VLOOKUP(L79,Data!$F$4:$G$97,2,0),"")
... I2042: =+AF2042 | J2042: =J2041+1 -> 2039 | N2042: =IFERROR(VLOOKUP(M2042,Data!$C$4:$D$395,2,0),"") | R2042: =IFERROR(Q2042/P2042, "-") -> - | U2042: =+Q2042*S2042+P2042*T2042 -> 0 | V2042: 0 | X2042: =+Q2042*V2042+P2042*W2042 -> 0 | AB2042: =+Y2042+Z2042+AA2042 -> 0 | AC2042: =IF((U2042-Y2042-Z2042-AA2042)<0,"",(U2042-Y2042-Z2042-AA2042)) -> 0 | AD2042: =IF((U2042-Y2042-Z2042-AA2042)<0,(Y2042+Z2042+AA2042-U2042),"") | AF2042: =+IFERROR(VLOOKUP(L2042,Data!$F$4:$G$97,2,0),"")

Sheet Data
B1: KHÁCH HÀNG LỢN THỊT | I1: KHÁCH HÀNG LỢN CON
O2: =+TODAY() -> 45941 | Q2: =+DAY(O2) -> 11 | R2: =+MONTH(O2) -> 10
B3: STT | C3: Tên khách hàng | D3: Địa chỉ | F3: TÊN TRẠI | G3: Nhóm trại | I3: STT | J3: Tên khách hàng | K3: Địa chỉ | M3: TÊN TRẠI | O3: Khách | Q3: Ngày | R3: Tiền hàng | S3: Tiền đã trả | T3: Còn nợ
B4: 1 | F4: Vĩnh Phúc Thịt | G4: RTD | I4: 1 | M4: Bắc Giang Nái | O4: Nguyễn văn tuy | Q4: 45930 | R4: =+SUMIFS('Heo thịt_Nhập dữ liệu hàng ngày'!$U:$U,'Heo thịt_Nhập dữ liệu hàng ngày'!$M:$M,Data!$O$4,'Heo thịt_Nhập dữ liệu hàng ngày'!$K:$K,Data!$Q4) -> 0 | S4: =+SUMIFS('Heo thịt_Nhập dữ liệu hàng ngày'!$AB:$AB,'Heo thịt_Nhập dữ liệu hàng ngày'!$M:$M,Data!$O$4,'Heo thịt_Nhập dữ liệu hàng ngày'!$K:$K,Data!$Q4) -> 0 | T4: =+O4&" chốt ngày "&Q2&"/"&R2 -> Nguyễn văn tuy chốt ngày 11/10
B5: 2 | C5: nguyễn hữu viết | D5: quảng ninh | F5: Vĩnh Phúc Nái | G5: RTD | I5: 2 | J5: nguyễn văn tuy | K5: bắc giang | M5: Phú Thọ | Q5: =Q4+1 -> 45931 | R5: =+SUMIFS('Heo thịt_Nhập dữ liệu hàng ngày'!$U:$U,'Heo thịt_Nhập dữ liệu hàng ngày'!$M:$M,Data!$O$4,'Heo thịt_Nhập dữ liệu hàng ngày'!$K:$K,Data!$Q5) -> 0 | S5: =+SUMIFS('Heo thịt_Nhập dữ liệu hàng ngày'!$AB:$AB,'Heo thịt_Nhập dữ liệu hàng ngày'!$M:$M,Data!$O$4,'Heo thịt_Nhập dữ liệu hàng ngày'!$K:$K,Data!$Q5) -> 0
B6: 3 | F6: Phú Xuyên | G6: RTD | I6: 3 | M6: Vĩnh Phúc | Q6: =Q5+1 -> 45932 | R6: =+SUMIFS('Heo thịt_Nhập dữ liệu hàng ngày'!$U:$U,'Heo thịt_Nhập dữ liệu hàng ngày'!$M:$M,Data!$O$4,'Heo thịt_Nhập dữ liệu hàng ngày'!$K:$K,Data!$Q6) -> 0 | S6: =+SUMIFS('Heo thịt_Nhập dữ liệu hàng ngày'!$AB:$AB,'Heo thịt_Nhập dữ liệu hàng ngày'!$M:$M,Data!$O$4,'Heo thịt_Nhập dữ liệu hàng ngày'!$K:$K,Data!$Q6) -> 0
B7: 4 | C7: nguyễn văn tân | D7: bắc giang | F7: Bắc Giang Thịt | G7: RTD | I7: 4 | M7: Lục Nam | Q7: =Q6+1 -> 45933 | R7: =+SUMIFS('Heo thịt_Nhập dữ liệu hàng ngày'!$U:$U,'Heo thịt_Nhập dữ liệu hàng ngày'!$M:$M,Data!$O$4,'Heo thịt_Nhập dữ liệu hàng ngày'!$K:$K,Data!$Q7) -> 0 | S7: =+SUMIFS('Heo thịt_Nhập dữ liệu hàng ngày'!$AB:$AB,'Heo thịt_Nhập dữ liệu hàng ngày'!$M:$M,Data!$O$4,'Heo thịt_Nhập dữ liệu hàng ngày'!$K:$K,Data!$Q7) -> 0
B8: 5 | F8: Bắc Giang Nái | G8: RTD | I8: 5 | M8: Lục Ngạn | Q8: =Q7+1 -> 45934 | R8: =+SUMIFS('Heo thịt_Nhập dữ liệu hàng ngày'!$U:$U,'Heo thịt_Nhập dữ liệu hàng ngày'!$M:$M,Data!$O$4,'Heo thịt_Nhập dữ liệu hàng ngày'!$K:$K,Data!$Q8) -> 0 | S8: =+SUMIFS('Heo thịt_Nhập dữ liệu hàng ngày'!$AB:$AB,'Heo thịt_Nhập dữ liệu hàng ngày'!$M:$M,Data!$O$4,'Heo thịt_Nhập dữ liệu hàng ngày'!$K:$K,Data!$Q8) -> 0
B9: 6 | F9: Phú Thọ | G9: Tiger | I9: 6 | M9: Tiger Thanh Hóa | Q9: =Q8+1 -> 45935 | R9: =+SUMIFS('Heo thịt_Nhập dữ liệu hàng ngày'!$U:$U,'Heo thịt_Nhập dữ liệu hàng ngày'!$M:$M,Data!$O$4,'Heo thịt_Nhập dữ liệu hàng ngày'!$K:$K,Data!$Q9) -> 0 | S9: =+SUMIFS('Heo thịt_Nhập dữ liệu hàng ngày'!$AB:$AB,'Heo thịt_Nhập dữ liệu hàng ngày'!$M:$M,Data!$O$4,'Heo thịt_Nhập dữ liệu hàng ngày'!$K:$K,Data!$Q9) -> 0
B10: 7 | F10: Phú Thọ 2 | G10: RTD | I10: 7 | Q10: =Q9+1 -> 45936 | R10: =+SUMIFS('Heo thịt_Nhập dữ liệu hàng ngày'!$U:$U,'Heo thịt_Nhập dữ liệu hàng ngày'!$M:$M,Data!$O$4,'Heo thịt_Nhập dữ liệu hàng ngày'!$K:$K,Data!$Q10) -> 0 | S10: =+SUMIFS('Heo thịt_Nhập dữ liệu hàng ngày'!$AB:$AB,'Heo thịt_Nhập dữ liệu hàng ngày'!$M:$M,Data!$O$4,'Heo thịt_Nhập dữ liệu hàng ngày'!$K:$K,Data!$Q10) -> 0 | V10: Ngày | W10: Tiền hàng | X10: Tiền đã trả | Y10: Nợ
B11: 8 | F11: Yên Bái | G11: Tiger | I11: 8 | Q11: =Q10+1 -> 45937 | R11: =+SUMIFS('Heo thịt_Nhập dữ liệu hàng ngày'!$U:$U,'Heo thịt_Nhập dữ liệu hàng ngày'!$M:$M,Data!$O$4,'Heo thịt_Nhập dữ liệu hàng ngày'!$K:$K,Data!$Q11) -> 0 | S11: =+SUMIFS('Heo thịt_Nhập dữ liệu hàng ngày'!$AB:$AB,'Heo thịt_Nhập dữ liệu hàng ngày'!$M:$M,Data!$O$4,'Heo thịt_Nhập dữ liệu hàng ngày'!$K:$K,Data!$Q11) -> 0 | V11: Tổng
B12: 9 | F12: Lục Nam | G12: Tiger | I12: 9 | Q12: =Q11+1 -> 45938 | R12: =+SUMIFS('Heo thịt_Nhập dữ liệu hàng ngày'!$U:$U,'Heo thịt_Nhập dữ liệu hàng ngày'!$M:$M,Data!$O$4,'Heo thịt_Nhập dữ liệu hàng ngày'!$K:$K,Data!$Q12) -> 0 | S12: =+SUMIFS('Heo thịt_Nhập dữ liệu hàng ngày'!$AB:$AB,'Heo thịt_Nhập dữ liệu hàng ngày'!$M:$M,Data!$O$4,'Heo thịt_Nhập dữ liệu hàng ngày'!$K:$K,Data!$Q12) -> 0 | V12: 45380
B13: 10 | F13: Lục Ngạn | G13: RTD | I13: 10 | Q13: =Q12+1 -> 45939 | R13: =+SUMIFS('Heo thịt_Nhập dữ liệu hàng ngày'!$U:$U,'Heo thịt_Nhập dữ liệu hàng ngày'!$M:$M,Data!$O$4,'Heo thịt_Nhập dữ liệu hàng ngày'!$K:$K,Data!$Q13) -> 0 | S13: =+SUMIFS('Heo thịt_Nhập dữ liệu hàng ngày'!$AB:$AB,'Heo thịt_Nhập dữ liệu hàng ngày'!$M:$M,Data!$O$4,'Heo thịt_Nhập dữ liệu hàng ngày'!$K:$K,Data!$Q13) -> 0 | V13: 45381
B14: 11 | F14: Tiger Thái Nguyên | G14: Tiger | I14: 11 | Q14: =Q13+1 -> 45940 | R14: =+SUMIFS('Heo thịt_Nhập dữ liệu hàng ngày'!$U:$U,'Heo thịt_Nhập dữ liệu hàng ngày'!$M:$M,Data!$O$4,'Heo thịt_Nhập dữ liệu hàng ngày'!$K:$K,Data!$Q14) -> 0 | S14: =+SUMIFS('Heo thịt_Nhập dữ liệu hàng ngày'!$AB:$AB,'Heo thịt_Nhập dữ liệu hàng ngày'!$M:$M,Data!$O$4,'Heo thịt_Nhập dữ liệu hàng ngày'!$K:$K,Data!$Q14) -> 0 | V14: 45382
B15: 12 | F15: Tiger Phú Thọ 3 (Thanh Sơn) | G15: Tiger | I15: 12 | Q15: =Q14+1 -> 45941 | R15: =+SUMIFS('Heo thịt_Nhập dữ liệu hàng ngày'!$U:$U,'Heo thịt_Nhập dữ liệu hàng ngày'!$M:$M,Data!$O$4,'Heo thịt_Nhập dữ liệu hàng ngày'!$K:$K,Data!$Q15) -> 0 | S15: =+SUMIFS('Heo thịt_Nhập dữ liệu hàng ngày'!$AB:$AB,'Heo thịt_Nhập dữ liệu hàng ngày'!$M:$M,Data!$O$4,'Heo thịt_Nhập dữ liệu hàng ngày'!$K:$K,Data!$Q15) -> 0 | V15: 45383 | W15: 1032937000 | X15: 976870000 | Y15: =+W15-X15 -> 56067000
B16: 13 | F16: Tiger Thái Nguyên(Đồng Hỷ) | G16: Tiger | I16: 13 | Q16: =Q15+1 -> 45942 | R16: =+SUMIFS('Heo thịt_Nhập dữ liệu hàng ngày'!$U:$U,'Heo thịt_Nhập dữ liệu hàng ngày'!$M:$M,Data!$O$4,'Heo thịt_Nhập dữ liệu hàng ngày'!$K:$K,Data!$Q16) -> 0 | S16: =+SUMIFS('Heo thịt_Nhập dữ liệu hàng ngày'!$AB:$AB,'Heo thịt_Nhập dữ liệu hàng ngày'!$M:$M,Data!$O$4,'Heo thịt_Nhập dữ liệu hàng ngày'!$K:$K,Data!$Q16) -> 0 | V16: 45384 | W16: 595659000 | X16: 698695000 | Y16: =+W16-X16 -> -103036000
B17: 14 | F17: Tiger Thanh Hóa | G17: Tiger | I17: 14 | Q17: =Q16+1 -> 45943 | R17: =+SUMIFS('Heo thịt_Nhập dữ liệu hàng ngày'!$U:$U,'Heo thịt_Nhập dữ liệu hàng ngày'!$M:$M,Data!$O$4,'Heo thịt_Nhập dữ liệu hàng ngày'!$K:$K,Data!$Q17) -> 0 | S17: =+SUMIFS('Heo thịt_Nhập dữ liệu hàng ngày'!$AB:$AB,'Heo thịt_Nhập dữ liệu hàng ngày'!$M:$M,Data!$O$4,'Heo thịt_Nhập dữ liệu hàng ngày'!$K:$K,Data!$Q17) -> 0
B18: 15 | F18: Thanh Hóa Nái | G18: Thanh Hóa | I18: 15 | Q18: =Q17+1 -> 45944 | R18: =+SUMIFS('Heo thịt_Nhập dữ liệu hàng ngày'!$U:$U,'Heo thịt_Nhập dữ liệu hàng ngày'!$M:$M,Data!$O$4,'Heo thịt_Nhập dữ liệu hàng ngày'!$K:$K,Data!$Q18) -> 0 | S18: =+SUMIFS('Heo thịt_Nhập dữ liệu hàng ngày'!$AB:$AB,'Heo thịt_Nhập dữ liệu hàng ngày'!$M:$M,Data!$O$4,'Heo thịt_Nhập dữ liệu hàng ngày'!$K:$K,Data!$Q18) -> 0
B19: 16 | F19: Thanh Hóa Thịt | G19: Thanh Hóa | I19: 16 | Q19: =Q18+1 -> 45945 | R19: =+SUMIFS('Heo thịt_Nhập dữ liệu hàng ngày'!$U:$U,'Heo thịt_Nhập dữ liệu hàng ngày'!$M:$M,Data!$O$4,'Heo thịt_Nhập dữ liệu hàng ngày'!$K:$K,Data!$Q19) -> 0 | S19: =+SUMIFS('Heo thịt_Nhập dữ liệu hàng ngày'!$AB:$AB,'Heo thịt_Nhập dữ liệu hàng ngày'!$M:$M,Data!$O$4,'Heo thịt_Nhập dữ liệu hàng ngày'!$K:$K,Data!$Q19) -> 0
B20: 17 | F20: Nái APPE AC | G20: APPE | I20: 17 | Q20: =Q19+1 -> 45946 | R20: =+SUMIFS('Heo thịt_Nhập dữ liệu hàng ngày'!$U:$U,'Heo thịt_Nhập dữ liệu hàng ngày'!$M:$M,Data!$O$4,'Heo thịt_Nhập dữ liệu hàng ngày'!$K:$K,Data!$Q20) -> 0 | S20: =+SUMIFS('Heo thịt_Nhập dữ liệu hàng ngày'!$AB:$AB,'Heo thịt_Nhập dữ liệu hàng ngày'!$M:$M,Data!$O$4,'Heo thịt_Nhập dữ liệu hàng ngày'!$K:$K,Data!$Q20) -> 0
B21: 18 | F21: Ninh Bình | G21: Tam Dương | I21: 18 | Q21: =Q20+1 -> 45947 | R21: =+SUMIFS('Heo thịt_Nhập dữ liệu hàng ngày'!$U:$U,'Heo thịt_Nhập dữ liệu hàng ngày'!$M:$M,Data!$O$4,'Heo thịt_Nhập dữ liệu hàng ngày'!$K:$K,Data!$Q21) -> 0 | S21: =+SUMIFS('Heo thịt_Nhập dữ liệu hàng ngày'!$AB:$AB,'Heo thịt_Nhập dữ liệu hàng ngày'!$M:$M,Data!$O$4,'Heo thịt_Nhập dữ liệu hàng ngày'!$K:$K,Data!$Q21) -> 0
B22: 19 | F22: Chương Mỹ | G22: Tam Dương | I22: 19 | Q22: =Q21+1 -> 45948 | R22: =+SUMIFS('Heo thịt_Nhập dữ liệu hàng ngày'!$U:$U,'Heo thịt_Nhập dữ liệu hàng ngày'!$M:$M,Data!$O$4,'Heo thịt_Nhập dữ liệu hàng ngày'!$K:$K,Data!$Q22) -> 0 | S22: =+SUMIFS('Heo thịt_Nhập dữ liệu hàng ngày'!$AB:$AB,'Heo thịt_Nhập dữ liệu hàng ngày'!$M:$M,Data!$O$4,'Heo thịt_Nhập dữ liệu hàng ngày'!$K:$K,Data!$Q22) -> 0
B23: 20 | F23: Thái Bình | G23: Tam Dương | I23: 20 | Q23: =Q22+1 -> 45949 | R23: =+SUMIFS('Heo thịt_Nhập dữ liệu hàng ngày'!$U:$U,'Heo thịt_Nhập dữ liệu hàng ngày'!$M:$M,Data!$O$4,'Heo thịt_Nhập dữ liệu hàng ngày'!$K:$K,Data!$Q23) -> 0 | S23: =+SUMIFS('Heo thịt_Nhập dữ liệu hàng ngày'!$AB:$AB,'Heo thịt_Nhập dữ liệu hàng ngày'!$M:$M,Data!$O$4,'Heo thịt_Nhập dữ liệu hàng ngày'!$K:$K,Data!$Q23) -> 0
B24: 21 | F24: Trại trống 1 | I24: 21 | Q24: =Q23+1 -> 45950 | R24: =+SUMIFS('Heo thịt_Nhập dữ liệu hàng ngày'!$U:$U,'Heo thịt_Nhập dữ liệu hàng ngày'!$M:$M,Data!$O$4,'Heo thịt_Nhập dữ liệu hàng ngày'!$K:$K,Data!$Q24) -> 0 | S24: =+SUMIFS('Heo thịt_Nhập dữ liệu hàng ngày'!$AB:$AB,'Heo thịt_Nhập dữ liệu hàng ngày'!$M:$M,Data!$O$4,'Heo thịt_Nhập dữ liệu hàng ngày'!$K:$K,Data!$Q24) -> 0
B25: 22 | I25: 22 | Q25: =Q24+1 -> 45951 | R25: =+SUMIFS('Heo thịt_Nhập dữ liệu hàng ngày'!$U:$U,'Heo thịt_Nhập dữ liệu hàng ngày'!$M:$M,Data!$O$4,'Heo thịt_Nhập dữ liệu hàng ngày'!$K:$K,Data!$Q25) -> 0 | S25: =+SUMIFS('Heo thịt_Nhập dữ liệu hàng ngày'!$AB:$AB,'Heo thịt_Nhập dữ liệu hàng ngày'!$M:$M,Data!$O$4,'Heo thịt_Nhập dữ liệu hàng ngày'!$K:$K,Data!$Q25) -> 0
B26: 23 | I26: 23 | Q26: =Q25+1 -> 45952 | R26: =+SUMIFS('Heo thịt_Nhập dữ liệu hàng ngày'!$U:$U,'Heo thịt_Nhập dữ liệu hàng ngày'!$M:$M,Data!$O$4,'Heo thịt_Nhập dữ liệu hàng ngày'!$K:$K,Data!$Q26) -> 0 | S26: =+SUMIFS('Heo thịt_Nhập dữ liệu hàng ngày'!$AB:$AB,'Heo thịt_Nhập dữ liệu hàng ngày'!$M:$M,Data!$O$4,'Heo thịt_Nhập dữ liệu hàng ngày'!$K:$K,Data!$Q26) -> 0
B27: 24 | I27: 24 | Q27: =Q26+1 -> 45953 | R27: =+SUMIFS('Heo thịt_Nhập dữ liệu hàng ngày'!$U:$U,'Heo thịt_Nhập dữ liệu hàng ngày'!$M:$M,Data!$O$4,'Heo thịt_Nhập dữ liệu hàng ngày'!$K:$K,Data!$Q27) -> 0 | S27: =+SUMIFS('Heo thịt_Nhập dữ liệu hàng ngày'!$AB:$AB,'Heo thịt_Nhập dữ liệu hàng ngày'!$M:$M,Data!$O$4,'Heo thịt_Nhập dữ liệu hàng ngày'!$K:$K,Data!$Q27) -> 0
B28: 25 | I28: 25 | Q28: =Q27+1 -> 45954 | R28: =+SUMIFS('Heo thịt_Nhập dữ liệu hàng ngày'!$U:$U,'Heo thịt_Nhập dữ liệu hàng ngày'!$M:$M,Data!$O$4,'Heo thịt_Nhập dữ liệu hàng ngày'!$K:$K,Data!$Q28) -> 0 | S28: =+SUMIFS('Heo thịt_Nhập dữ liệu hàng ngày'!$AB:$AB,'Heo thịt_Nhập dữ liệu hàng ngày'!$M:$M,Data!$O$4,'Heo thịt_Nhập dữ liệu hàng ngày'!$K:$K,Data!$Q28) -> 0
B29: 26 | I29: 26 | Q29: =Q28+1 -> 45955 | R29: =+SUMIFS('Heo thịt_Nhập dữ liệu hàng ngày'!$U:$U,'Heo thịt_Nhập dữ liệu hàng ngày'!$M:$M,Data!$O$4,'Heo thịt_Nhập dữ liệu hàng ngày'!$K:$K,Data!$Q29) -> 0 | S29: =+SUMIFS('Heo thịt_Nhập dữ liệu hàng ngày'!$AB:$AB,'Heo thịt_Nhập dữ liệu hàng ngày'!$M:$M,Data!$O$4,'Heo thịt_Nhập dữ liệu hàng ngày'!$K:$K,Data!$Q29) -> 0
B30: 27 | I30: 27 | Q30: =Q29+1 -> 45956 | R30: =+SUMIFS('Heo thịt_Nhập dữ liệu hàng ngày'!$U:$U,'Heo thịt_Nhập dữ liệu hàng ngày'!$M:$M,Data!$O$4,'Heo thịt_Nhập dữ liệu hàng ngày'!$K:$K,Data!$Q30) -> 0 | S30: =+SUMIFS('Heo thịt_Nhập dữ liệu hàng ngày'!$AB:$AB,'Heo thịt_Nhập dữ liệu hàng ngày'!$M:$M,Data!$O$4,'Heo thịt_Nhập dữ liệu hàng ngày'!$K:$K,Data!$Q30) -> 0
B31: 28 | I31: 28 | Q31: =Q30+1 -> 45957 | R31: =+SUMIFS('Heo thịt_Nhập dữ liệu hàng ngày'!$U:$U,'Heo thịt_Nhập dữ liệu hàng ngày'!$M:$M,Data!$O$4,'Heo thịt_Nhập dữ liệu hàng ngày'!$K:$K,Data!$Q31) -> 0 | S31: =+SUMIFS('Heo thịt_Nhập dữ liệu hàng ngày'!$AB:$AB,'Heo thịt_Nhập dữ liệu hàng ngày'!$M:$M,Data!$O$4,'Heo thịt_Nhập dữ liệu hàng ngày'!$K:$K,Data!$Q31) -> 0
B32: 29 | I32: 29 | Q32: =Q31+1 -> 45958 | R32: =+SUMIFS('Heo thịt_Nhập dữ liệu hàng ngày'!$U:$U,'Heo thịt_Nhập dữ liệu hàng ngày'!$M:$M,Data!$O$4,'Heo thịt_Nhập dữ liệu hàng ngày'!$K:$K,Data!$Q32) -> 0 | S32: =+SUMIFS('Heo thịt_Nhập dữ liệu hàng ngày'!$AB:$AB,'Heo thịt_Nhập dữ liệu hàng ngày'!$M:$M,Data!$O$4,'Heo thịt_Nhập dữ liệu hàng ngày'!$K:$K,Data!$Q32) -> 0
B33: 30 | I33: 30 | Q33: =Q32+1 -> 45959 | R33: =+SUMIFS('Heo thịt_Nhập dữ liệu hàng ngày'!$U:$U,'Heo thịt_Nhập dữ liệu hàng ngày'!$M:$M,Data!$O$4,'Heo thịt_Nhập dữ liệu hàng ngày'!$K:$K,Data!$Q33) -> 0 | S33: =+SUMIFS('Heo thịt_Nhập dữ liệu hàng ngày'!$AB:$AB,'Heo thịt_Nhập dữ liệu hàng ngày'!$M:$M,Data!$O$4,'Heo thịt_Nhập dữ liệu hàng ngày'!$K:$K,Data!$Q33) -> 0
B34: 31 | I34: 31 | Q34: =Q33+1 -> 45960 | R34: =+SUMIFS('Heo thịt_Nhập dữ liệu hàng ngày'!$U:$U,'Heo thịt_Nhập dữ liệu hàng ngày'!$M:$M,Data!$O$4,'Heo thịt_Nhập dữ liệu hàng ngày'!$K:$K,Data!$Q34) -> 0 | S34: =+SUMIFS('Heo thịt_Nhập dữ liệu hàng ngày'!$AB:$AB,'Heo thịt_Nhập dữ liệu hàng ngày'!$M:$M,Data!$O$4,'Heo thịt_Nhập dữ liệu hàng ngày'!$K:$K,Data!$Q34) -> 0
B35: 32 | I35: 32 | Q35: =Q34+1 -> 45961 | R35: =+SUMIFS('Heo thịt_Nhập dữ liệu hàng ngày'!$U:$U,'Heo thịt_Nhập dữ liệu hàng ngày'!$M:$M,Data!$O$4,'Heo thịt_Nhập dữ liệu hàng ngày'!$K:$K,Data!$Q35) -> 0 | S35: =+SUMIFS('Heo thịt_Nhập dữ liệu hàng ngày'!$AB:$AB,'Heo thịt_Nhập dữ liệu hàng ngày'!$M:$M,Data!$O$4,'Heo thịt_Nhập dữ liệu hàng ngày'!$K:$K,Data!$Q35) -> 0
B36: 33 | I36: 33 | R36: =SUM(R4:R35) -> 0 | S36: =SUM(S4:S35) -> 0 | T36: =+S36-R36 -> 0
B37: 34 | I37: 34
B38: 35 | I38: 35
B39: 36 | I39: 36
B40: 37 | I40: 37
B41: 38 | I41: 38
B42: 39 | I42: 39
B43: 40 | I43: 40
B44: 41 | I44: 41
B45: 42 | I45: 42
B46: 43 | I46: 43
B47: 44 | I47: 44
B48: 45 | I48: 45
... B50: 47 | I50: 47
B51: 48 | F51: Lộc bắc ninh | I51: 48
B52: 49 | I52: 49
B53: 50 | I53: 50
B54: 51 | I54: 51
B55: 52 | I55: 52
B56: 53 | I56: 53
B57: 54 | I57: 54
B58: 55 | I58: 55
B59: 56 | I59: 56
B60: 57 | I60: 57
B61: 58 | I61: 58
B62: 59 | I62: 59
B63: 60 | I63: 60
... B109: 106 | I109: 106
B110: 107
B111: 108
B112: 109
B113: 110
B114: 111
B115: 112
B116: 113
B117: 114
B118: 115
B119: 116
B120: 117
B121: 118
... B130: 127
B131: =B130+1 -> 128
B132: =B131+1 -> 129
B133: =B132+1 -> 130
B134: =B133+1 -> 131
B135: =B134+1 -> 132
B136: =B135+1 -> 133
B137: =B136+1 -> 134
B138: =B137+1 -> 135
B139: =B138+1 -> 136
B140: =B139+1 -> 137
B141: =B140+1 -> 138
B142: =B141+1 -> 139
... B156: =B155+1 -> 153

Sheet Heo con_Theo dõi khách hàng
B2: THEO DÕI TỔNG | E2: Tổng doanh thu | F2: Tổng khách đã trả | G2: Khách trả Lâm Anh | H2: Khách bắn về công ty | I2: Tồn nợ của khách
E3: =+SUM('Heo con_Nhập dữ liệu'!O7:O10003) -> 0 | F3: =+SUM('Heo con_Nhập dữ liệu'!S:S) -> 500000 | G3: =+SUM('Heo con_Nhập dữ liệu'!P:P)+SUM('Heo con_Nhập dữ liệu'!Q:Q) -> 500000 | H3: =+SUM('Heo con_Nhập dữ liệu'!R:R) -> 0 | I3: =+F3-E3 -> 500000
B5: STT | C5: Tên khách hàng | D5: Địa chỉ | E5: Tổng tiền hàng | F5: Đã thu | G5: Tổng nợ | H5: Tổng dư | I5: Thực tế
B6: 1 | C6: =IFERROR(+Data!J4,"") -> 0 | D6: =IFERROR(+VLOOKUP(C6,Data!J4:K103,2,0),"-") -> - | E6: =IFERROR(+SUMIFS('Heo con_Nhập dữ liệu'!$O:$O,'Heo con_Nhập dữ liệu'!$E:$E,'Heo con_Theo dõi khách hàng'!C6),"") -> 0 | F6: =IFERROR(+SUMIFS('Heo con_Nhập dữ liệu'!$P:$P,'Heo con_Nhập dữ liệu'!$E:$E,'Heo con_Theo dõi khách hàng'!C6)+SUMIFS('Heo con_Nhập dữ liệu'!$Q:$Q,'Heo con_Nhập dữ liệu'!$E:$E,'Heo con_Theo dõi khách hàng'!C6)+SUMIFS('Heo con_Nhập dữ liệu'!$R:$R,'Heo con_Nhập dữ liệu'!$E:$E,'Heo con_Theo dõi khách hàng'!C6),"") -> 0 | G6: =+SUMIFS('Heo con_Nhập dữ liệu'!$T:$T,'Heo con_Nhập dữ liệu'!$E:$E,'Heo con_Theo dõi khách hàng'!C6) -> 0 | H6: =+SUMIFS('Heo con_Nhập dữ liệu'!$U:$U,'Heo con_Nhập dữ liệu'!$E:$E,'Heo con_Theo dõi khách hàng'!C6) -> 0 | I6: =+H6-G6 -> 0 | J6: =+IF(ABS(I6)>500000,"Check","-") -> -
B7: 2 | C7: =IFERROR(+Data!J5,"") -> nguyễn văn tuy | D7: =IFERROR(+VLOOKUP(C7,Data!J5:K104,2,0),"-") -> bắc giang | E7: =IFERROR(+SUMIFS('Heo con_Nhập dữ liệu'!$O:$O,'Heo con_Nhập dữ liệu'!$E:$E,'Heo con_Theo dõi khách hàng'!C7),"") -> 1374000000 | F7: =IFERROR(+SUMIFS('Heo con_Nhập dữ liệu'!$P:$P,'Heo con_Nhập dữ liệu'!$E:$E,'Heo con_Theo dõi khách hàng'!C7)+SUMIFS('Heo con_Nhập dữ liệu'!$Q:$Q,'Heo con_Nhập dữ liệu'!$E:$E,'Heo con_Theo dõi khách hàng'!C7)+SUMIFS('Heo con_Nhập dữ liệu'!$R:$R,'Heo con_Nhập dữ liệu'!$E:$E,'Heo con_Theo dõi khách hàng'!C7),"") -> 500000 | G7: =+SUMIFS('Heo con_Nhập dữ liệu'!$T:$T,'Heo con_Nhập dữ liệu'!$E:$E,'Heo con_Theo dõi khách hàng'!C7) -> 1373500000 | H7: =+SUMIFS('Heo con_Nhập dữ liệu'!$U:$U,'Heo con_Nhập dữ liệu'!$E:$E,'Heo con_Theo dõi khách hàng'!C7) -> 0 | I7: =+H7-G7 -> -1373500000 | J7: =+IF(ABS(I7)>500000,"Check","-") -> Check
B8: 3 | C8: =IFERROR(+Data!J6,"") -> 0 | D8: =IFERROR(+VLOOKUP(C8,Data!J6:K105,2,0),"-") -> - | E8: =IFERROR(+SUMIFS('Heo con_Nhập dữ liệu'!$O:$O,'Heo con_Nhập dữ liệu'!$E:$E,'Heo con_Theo dõi khách hàng'!C8),"") -> 0 | F8: =IFERROR(+SUMIFS('Heo con_Nhập dữ liệu'!$P:$P,'Heo con_Nhập dữ liệu'!$E:$E,'Heo con_Theo dõi khách hàng'!C8)+SUMIFS('Heo con_Nhập dữ liệu'!$Q:$Q,'Heo con_Nhập dữ liệu'!$E:$E,'Heo con_Theo dõi khách hàng'!C8)+SUMIFS('Heo con_Nhập dữ liệu'!$R:$R,'Heo con_Nhập dữ liệu'!$E:$E,'Heo con_Theo dõi khách hàng'!C8),"") -> 0 | G8: =+SUMIFS('Heo con_Nhập dữ liệu'!$T:$T,'Heo con_Nhập dữ liệu'!$E:$E,'Heo con_Theo dõi khách hàng'!C8) -> 0 | H8: =+SUMIFS('Heo con_Nhập dữ liệu'!$U:$U,'Heo con_Nhập dữ liệu'!$E:$E,'Heo con_Theo dõi khách hàng'!C8) -> 0 | I8: =+H8-G8 -> 0 | J8: =+IF(ABS(I8)>500000,"Check","-") -> -
B9: 4 | C9: =IFERROR(+Data!J7,"") -> 0 | D9: =IFERROR(+VLOOKUP(C9,Data!J7:K106,2,0),"-") -> - | E9: =IFERROR(+SUMIFS('Heo con_Nhập dữ liệu'!$O:$O,'Heo con_Nhập dữ liệu'!$E:$E,'Heo con_Theo dõi khách hàng'!C9),"") -> 0 | F9: =IFERROR(+SUMIFS('Heo con_Nhập dữ liệu'!$P:$P,'Heo con_Nhập dữ liệu'!$E:$E,'Heo con_Theo dõi khách hàng'!C9)+SUMIFS('Heo con_Nhập dữ liệu'!$Q:$Q,'Heo con_Nhập dữ liệu'!$E:$E,'Heo con_Theo dõi khách hàng'!C9)+SUMIFS('Heo con_Nhập dữ liệu'!$R:$R,'Heo con_Nhập dữ liệu'!$E:$E,'Heo con_Theo dõi khách hàng'!C9),"") -> 0 | G9: =+SUMIFS('Heo con_Nhập dữ liệu'!$T:$T,'Heo con_Nhập dữ liệu'!$E:$E,'Heo con_Theo dõi khách hàng'!C9) -> 0 | H9: =+SUMIFS('Heo con_Nhập dữ liệu'!$U:$U,'Heo con_Nhập dữ liệu'!$E:$E,'Heo con_Theo dõi khách hàng'!C9) -> 0 | I9: =+H9-G9 -> 0 | J9: =+IF(ABS(I9)>500000,"Check","-") -> -
B10: 5 | C10: =IFERROR(+Data!J8,"") -> 0 | D10: =IFERROR(+VLOOKUP(C10,Data!J8:K107,2,0),"-") -> - | E10: =IFERROR(+SUMIFS('Heo con_Nhập dữ liệu'!$O:$O,'Heo con_Nhập dữ liệu'!$E:$E,'Heo con_Theo dõi khách hàng'!C10),"") -> 0 | F10: =IFERROR(+SUMIFS('Heo con_Nhập dữ liệu'!$P:$P,'Heo con_Nhập dữ liệu'!$E:$E,'Heo con_Theo dõi khách hàng'!C10)+SUMIFS('Heo con_Nhập dữ liệu'!$Q:$Q,'Heo con_Nhập dữ liệu'!$E:$E,'Heo con_Theo dõi khách hàng'!C10)+SUMIFS('Heo con_Nhập dữ liệu'!$R:$R,'Heo con_Nhập dữ liệu'!$E:$E,'Heo con_Theo dõi khách hàng'!C10),"") -> 0 | G10: =+SUMIFS('Heo con_Nhập dữ liệu'!$T:$T,'Heo con_Nhập dữ liệu'!$E:$E,'Heo con_Theo dõi khách hàng'!C10) -> 0 | H10: =+SUMIFS('Heo con_Nhập dữ liệu'!$U:$U,'Heo con_Nhập dữ liệu'!$E:$E,'Heo con_Theo dõi khách hàng'!C10) -> 0 | I10: =+H10-G10 -> 0 | J10: =+IF(ABS(I10)>500000,"Check","-") -> -
B11: 6 | C11: =IFERROR(+Data!J9,"") -> 0 | D11: =IFERROR(+VLOOKUP(C11,Data!J9:K108,2,0),"-") -> - | E11: =IFERROR(+SUMIFS('Heo con_Nhập dữ liệu'!$O:$O,'Heo con_Nhập dữ liệu'!$E:$E,'Heo con_Theo dõi khách hàng'!C11),"") -> 0 | F11: =IFERROR(+SUMIFS('Heo con_Nhập dữ liệu'!$P:$P,'Heo con_Nhập dữ liệu'!$E:$E,'Heo con_Theo dõi khách hàng'!C11)+SUMIFS('Heo con_Nhập dữ liệu'!$Q:$Q,'Heo con_Nhập dữ liệu'!$E:$E,'Heo con_Theo dõi khách hàng'!C11)+SUMIFS('Heo con_Nhập dữ liệu'!$R:$R,'Heo con_Nhập dữ liệu'!$E:$E,'Heo con_Theo dõi khách hàng'!C11),"") -> 0 | G11: =+SUMIFS('Heo con_Nhập dữ liệu'!$T:$T,'Heo con_Nhập dữ liệu'!$E:$E,'Heo con_Theo dõi khách hàng'!C11) -> 0 | H11: =+SUMIFS('Heo con_Nhập dữ liệu'!$U:$U,'Heo con_Nhập dữ liệu'!$E:$E,'Heo con_Theo dõi khách hàng'!C11) -> 0 | I11: =+H11-G11 -> 0 | J11: =+IF(ABS(I11)>500000,"Check","-") -> -
B12: 7 | C12: =IFERROR(+Data!J10,"") -> 0 | D12: =IFERROR(+VLOOKUP(C12,Data!J10:K109,2,0),"-") -> - | E12: =IFERROR(+SUMIFS('Heo con_Nhập dữ liệu'!$O:$O,'Heo con_Nhập dữ liệu'!$E:$E,'Heo con_Theo dõi khách hàng'!C12),"") -> 0 | F12: =IFERROR(+SUMIFS('Heo con_Nhập dữ liệu'!$P:$P,'Heo con_Nhập dữ liệu'!$E:$E,'Heo con_Theo dõi khách hàng'!C12)+SUMIFS('Heo con_Nhập dữ liệu'!$Q:$Q,'Heo con_Nhập dữ liệu'!$E:$E,'Heo con_Theo dõi khách hàng'!C12)+SUMIFS('Heo con_Nhập dữ liệu'!$R:$R,'Heo con_Nhập dữ liệu'!$E:$E,'Heo con_Theo dõi khách hàng'!C12),"") -> 0 | G12: =+SUMIFS('Heo con_Nhập dữ liệu'!$T:$T,'Heo con_Nhập dữ liệu'!$E:$E,'Heo con_Theo dõi khách hàng'!C12) -> 0 | H12: =+SUMIFS('Heo con_Nhập dữ liệu'!$U:$U,'Heo con_Nhập dữ liệu'!$E:$E,'Heo con_Theo dõi khách hàng'!C12) -> 0 | I12: =+H12-G12 -> 0 | J12: =+IF(ABS(I12)>500000,"Check","-") -> -
B13: 8 | C13: =IFERROR(+Data!J11,"") -> 0 | D13: =IFERROR(+VLOOKUP(C13,Data!J11:K110,2,0),"-") -> - | E13: =IFERROR(+SUMIFS('Heo con_Nhập dữ liệu'!$O:$O,'Heo con_Nhập dữ liệu'!$E:$E,'Heo con_Theo dõi khách hàng'!C13),"") -> 0 | F13: =IFERROR(+SUMIFS('Heo con_Nhập dữ liệu'!$P:$P,'Heo con_Nhập dữ liệu'!$E:$E,'Heo con_Theo dõi khách hàng'!C13)+SUMIFS('Heo con_Nhập dữ liệu'!$Q:$Q,'Heo con_Nhập dữ liệu'!$E:$E,'Heo con_Theo dõi khách hàng'!C13)+SUMIFS('Heo con_Nhập dữ liệu'!$R:$R,'Heo con_Nhập dữ liệu'!$E:$E,'Heo con_Theo dõi khách hàng'!C13),"") -> 0 | G13: =+SUMIFS('Heo con_Nhập dữ liệu'!$T:$T,'Heo con_Nhập dữ liệu'!$E:$E,'Heo con_Theo dõi khách hàng'!C13) -> 0 | H13: =+SUMIFS('Heo con_Nhập dữ liệu'!$U:$U,'Heo con_Nhập dữ liệu'!$E:$E,'Heo con_Theo dõi khách hàng'!C13) -> 0 | I13: =+H13-G13 -> 0 | J13: =+IF(ABS(I13)>500000,"Check","-") -> -
B14: 9 | C14: =IFERROR(+Data!J12,"") -> 0 | D14: =IFERROR(+VLOOKUP(C14,Data!J12:K111,2,0),"-") -> - | E14: =IFERROR(+SUMIFS('Heo con_Nhập dữ liệu'!$O:$O,'Heo con_Nhập dữ liệu'!$E:$E,'Heo con_Theo dõi khách hàng'!C14),"") -> 0 | F14: =IFERROR(+SUMIFS('Heo con_Nhập dữ liệu'!$P:$P,'Heo con_Nhập dữ liệu'!$E:$E,'Heo con_Theo dõi khách hàng'!C14)+SUMIFS('Heo con_Nhập dữ liệu'!$Q:$Q,'Heo con_Nhập dữ liệu'!$E:$E,'Heo con_Theo dõi khách hàng'!C14)+SUMIFS('Heo con_Nhập dữ liệu'!$R:$R,'Heo con_Nhập dữ liệu'!$E:$E,'Heo con_Theo dõi khách hàng'!C14),"") -> 0 | G14: =+SUMIFS('Heo con_Nhập dữ liệu'!$T:$T,'Heo con_Nhập dữ liệu'!$E:$E,'Heo con_Theo dõi khách hàng'!C14) -> 0 | H14: =+SUMIFS('Heo con_Nhập dữ liệu'!$U:$U,'Heo con_Nhập dữ liệu'!$E:$E,'Heo con_Theo dõi khách hàng'!C14) -> 0 | I14: =+H14-G14 -> 0 | J14: =+IF(ABS(I14)>500000,"Check","-") -> -
B15: 10 | C15: =IFERROR(+Data!J13,"") -> 0 | D15: =IFERROR(+VLOOKUP(C15,Data!J13:K112,2,0),"-") -> - | E15: =IFERROR(+SUMIFS('Heo con_Nhập dữ liệu'!$O:$O,'Heo con_Nhập dữ liệu'!$E:$E,'Heo con_Theo dõi khách hàng'!C15),"") -> 0 | F15: =IFERROR(+SUMIFS('Heo con_Nhập dữ liệu'!$P:$P,'Heo con_Nhập dữ liệu'!$E:$E,'Heo con_Theo dõi khách hàng'!C15)+SUMIFS('Heo con_Nhập dữ liệu'!$Q:$Q,'Heo con_Nhập dữ liệu'!$E:$E,'Heo con_Theo dõi khách hàng'!C15)+SUMIFS('Heo con_Nhập dữ liệu'!$R:$R,'Heo con_Nhập dữ liệu'!$E:$E,'Heo con_Theo dõi khách hàng'!C15),"") -> 0 | G15: =+SUMIFS('Heo con_Nhập dữ liệu'!$T:$T,'Heo con_Nhập dữ liệu'!$E:$E,'Heo con_Theo dõi khách hàng'!C15) -> 0 | H15: =+SUMIFS('Heo con_Nhập dữ liệu'!$U:$U,'Heo con_Nhập dữ liệu'!$E:$E,'Heo con_Theo dõi khách hàng'!C15) -> 0 | I15: =+H15-G15 -> 0 | J15: =+IF(ABS(I15)>500000,"Check","-") -> -
B16: 11 | C16: =IFERROR(+Data!J14,"") -> 0 | D16: =IFERROR(+VLOOKUP(C16,Data!J14:K113,2,0),"-") -> - | E16: =IFERROR(+SUMIFS('Heo con_Nhập dữ liệu'!$O:$O,'Heo con_Nhập dữ liệu'!$E:$E,'Heo con_Theo dõi khách hàng'!C16),"") -> 0 | F16: =IFERROR(+SUMIFS('Heo con_Nhập dữ liệu'!$P:$P,'Heo con_Nhập dữ liệu'!$E:$E,'Heo con_Theo dõi khách hàng'!C16)+SUMIFS('Heo con_Nhập dữ liệu'!$Q:$Q,'Heo con_Nhập dữ liệu'!$E:$E,'Heo con_Theo dõi khách hàng'!C16)+SUMIFS('Heo con_Nhập dữ liệu'!$R:$R,'Heo con_Nhập dữ liệu'!$E:$E,'Heo con_Theo dõi khách hàng'!C16),"") -> 0 | G16: =+SUMIFS('Heo con_Nhập dữ liệu'!$T:$T,'Heo con_Nhập dữ liệu'!$E:$E,'Heo con_Theo dõi khách hàng'!C16) -> 0 | H16: =+SUMIFS('Heo con_Nhập dữ liệu'!$U:$U,'Heo con_Nhập dữ liệu'!$E:$E,'Heo con_Theo dõi khách hàng'!C16) -> 0 | I16: =+H16-G16 -> 0 | J16: =+IF(ABS(I16)>500000,"Check","-") -> -
B17: 12 | C17: =IFERROR(+Data!J15,"") -> 0 | D17: =IFERROR(+VLOOKUP(C17,Data!J15:K114,2,0),"-") -> - | E17: =IFERROR(+SUMIFS('Heo con_Nhập dữ liệu'!$O:$O,'Heo con_Nhập dữ liệu'!$E:$E,'Heo con_Theo dõi khách hàng'!C17),"") -> 0 | F17: =IFERROR(+SUMIFS('Heo con_Nhập dữ liệu'!$P:$P,'Heo con_Nhập dữ liệu'!$E:$E,'Heo con_Theo dõi khách hàng'!C17)+SUMIFS('Heo con_Nhập dữ liệu'!$Q:$Q,'Heo con_Nhập dữ liệu'!$E:$E,'Heo con_Theo dõi khách hàng'!C17)+SUMIFS('Heo con_Nhập dữ liệu'!$R:$R,'Heo con_Nhập dữ liệu'!$E:$E,'Heo con_Theo dõi khách hàng'!C17),"") -> 0 | G17: =+SUMIFS('Heo con_Nhập dữ liệu'!$T:$T,'Heo con_Nhập dữ liệu'!$E:$E,'Heo con_Theo dõi khách hàng'!C17) -> 0 | H17: =+SUMIFS('Heo con_Nhập dữ liệu'!$U:$U,'Heo con_Nhập dữ liệu'!$E:$E,'Heo con_Theo dõi khách hàng'!C17) -> 0 | I17: =+H17-G17 -> 0 | J17: =+IF(ABS(I17)>500000,"Check","-") -> -
... B25: 20 | C25: =IFERROR(+Data!J23,"") -> 0 | D25: =IFERROR(+VLOOKUP(C25,Data!J23:K122,2,0),"-") -> - | E25: =IFERROR(+SUMIFS('Heo con_Nhập dữ liệu'!$O:$O,'Heo con_Nhập dữ liệu'!$E:$E,'Heo con_Theo dõi khách hàng'!C25),"") -> 0 | F25: =IFERROR(+SUMIFS('Heo con_Nhập dữ liệu'!$P:$P,'Heo con_Nhập dữ liệu'!$E:$E,'Heo con_Theo dõi khách hàng'!C25)+SUMIFS('Heo con_Nhập dữ liệu'!$Q:$Q,'Heo con_Nhập dữ liệu'!$E:$E,'Heo con_Theo dõi khách hàng'!C25)+SUMIFS('Heo con_Nhập dữ liệu'!$R:$R,'Heo con_Nhập dữ liệu'!$E:$E,'Heo con_Theo dõi khách hàng'!C25),"") -> 0 | G25: =+SUMIFS('Heo con_Nhập dữ liệu'!$T:$T,'Heo con_Nhập dữ liệu'!$E:$E,'Heo con_Theo dõi khách hàng'!C25) -> 0 | H25: =+SUMIFS('Heo con_Nhập dữ liệu'!$U:$U,'Heo con_Nhập dữ liệu'!$E:$E,'Heo con_Theo dõi khách hàng'!C25) -> 0 | I25: =+H25-G25 -> 0 | J25: =+IF(ABS(I25)>500000,"Check","-") -> -
B26: 21 | C26: =IFERROR(+Data!J24,"") -> 0 | D26: thái nguyên | E26: =IFERROR(+SUMIFS('Heo con_Nhập dữ liệu'!$O:$O,'Heo con_Nhập dữ liệu'!$E:$E,'Heo con_Theo dõi khách hàng'!C26),"") -> 0 | F26: =IFERROR(+SUMIFS('Heo con_Nhập dữ liệu'!$P:$P,'Heo con_Nhập dữ liệu'!$E:$E,'Heo con_Theo dõi khách hàng'!C26)+SUMIFS('Heo con_Nhập dữ liệu'!$Q:$Q,'Heo con_Nhập dữ liệu'!$E:$E,'Heo con_Theo dõi khách hàng'!C26)+SUMIFS('Heo con_Nhập dữ liệu'!$R:$R,'Heo con_Nhập dữ liệu'!$E:$E,'Heo con_Theo dõi khách hàng'!C26),"") -> 0 | G26: =+SUMIFS('Heo con_Nhập dữ liệu'!$T:$T,'Heo con_Nhập dữ liệu'!$E:$E,'Heo con_Theo dõi khách hàng'!C26) -> 0 | H26: =+SUMIFS('Heo con_Nhập dữ liệu'!$U:$U,'Heo con_Nhập dữ liệu'!$E:$E,'Heo con_Theo dõi khách hàng'!C26) -> 0 | I26: =+H26-G26 -> 0 | J26: =+IF(ABS(I26)>500000,"Check","-") -> -
B27: 22 | C27: =IFERROR(+Data!J25,"") -> 0 | D27: =IFERROR(+VLOOKUP(C27,Data!J25:K124,2,0),"-") -> - | E27: =IFERROR(+SUMIFS('Heo con_Nhập dữ liệu'!$O:$O,'Heo con_Nhập dữ liệu'!$E:$E,'Heo con_Theo dõi khách hàng'!C27),"") -> 0 | F27: =IFERROR(+SUMIFS('Heo con_Nhập dữ liệu'!$P:$P,'Heo con_Nhập dữ liệu'!$E:$E,'Heo con_Theo dõi khách hàng'!C27)+SUMIFS('Heo con_Nhập dữ liệu'!$Q:$Q,'Heo con_Nhập dữ liệu'!$E:$E,'Heo con_Theo dõi khách hàng'!C27)+SUMIFS('Heo con_Nhập dữ liệu'!$R:$R,'Heo con_Nhập dữ liệu'!$E:$E,'Heo con_Theo dõi khách hàng'!C27),"") -> 0 | G27: =+SUMIFS('Heo con_Nhập dữ liệu'!$T:$T,'Heo con_Nhập dữ liệu'!$E:$E,'Heo con_Theo dõi khách hàng'!C27) -> 0 | H27: =+SUMIFS('Heo con_Nhập dữ liệu'!$U:$U,'Heo con_Nhập dữ liệu'!$E:$E,'Heo con_Theo dõi khách hàng'!C27) -> 0 | I27: =+H27-G27 -> 0 | J27: =+IF(ABS(I27)>500000,"Check","-") -> -
B28: 23 | C28: =IFERROR(+Data!J26,"") -> 0 | D28: =IFERROR(+VLOOKUP(C28,Data!J26:K125,2,0),"-") -> - | E28: =IFERROR(+SUMIFS('Heo con_Nhập dữ liệu'!$O:$O,'Heo con_Nhập dữ liệu'!$E:$E,'Heo con_Theo dõi khách hàng'!C28),"") -> 0 | F28: =IFERROR(+SUMIFS('Heo con_Nhập dữ liệu'!$P:$P,'Heo con_Nhập dữ liệu'!$E:$E,'Heo con_Theo dõi khách hàng'!C28)+SUMIFS('Heo con_Nhập dữ liệu'!$Q:$Q,'Heo con_Nhập dữ liệu'!$E:$E,'Heo con_Theo dõi khách hàng'!C28)+SUMIFS('Heo con_Nhập dữ liệu'!$R:$R,'Heo con_Nhập dữ liệu'!$E:$E,'Heo con_Theo dõi khách hàng'!C28),"") -> 0 | G28: =+SUMIFS('Heo con_Nhập dữ liệu'!$T:$T,'Heo con_Nhập dữ liệu'!$E:$E,'Heo con_Theo dõi khách hàng'!C28) -> 0 | H28: =+SUMIFS('Heo con_Nhập dữ liệu'!$U:$U,'Heo con_Nhập dữ liệu'!$E:$E,'Heo con_Theo dõi khách hàng'!C28) -> 0 | I28: =+H28-G28 -> 0 | J28: =+IF(ABS(I28)>500000,"Check","-") -> -
